id,story,tradition,claim,type,confidence,source,location,status
C-001,1,Ancient Egypt · Heliopolis,The Egyptian primeval ocean is named Nun and precedes all else,PRIMARY SOURCE,HIGH,Breasted 1912,p. 10,
C-002,1,Ancient Egypt · Heliopolis,"Atum came into being of himself, not made by another",PRIMARY SOURCE,HIGH,Breasted 1912,p. 11,
C-003,1,Ancient Egypt · Heliopolis,At Heliopolis the sun-god appeared on the Benben stone in the Phoenix-hall,PRIMARY SOURCE,HIGH,Pyr. §1652 via Breasted,p. 11 n.2,
C-004,1,Ancient Egypt · Heliopolis,"Atum begat Shu and Tefnut by his own masculine power, self-developed",PRIMARY SOURCE,HIGH,"Pyr. §§1818, 1248 via Breasted",p. 11 n.3,
C-005,1,Ancient Egypt · Heliopolis,Shu separated earth from sky and continued to support the sky,PRIMARY SOURCE,HIGH,Pyr. §1778 via Breasted,pp. 10-11,
C-006,1,Ancient Egypt · Heliopolis,"Rival cosmogonies existed at other temples: Ptah shaping an egg, a lotus rising from the water",PRIMARY SOURCE,HIGH,Breasted 1912,p. 11,
C-007,1,Ancient Egypt · Heliopolis,The Egyptian words for tears and for people are near-homophones and the texts play on it,SECONDARY SCHOLARSHIP,MEDIUM,standard Egyptological observation,—,"FLAGGED — reported in the story as a pun the Egyptians made, not as an etymology"
C-008,1,Ancient Egypt · Heliopolis,"Egyptians expected Nun to return and cover the world again, leaving Atum alone",SECONDARY SCHOLARSHIP,MEDIUM,"Breasted 1912, on the Book of the Dead ch. 175",—,
C-009,1,Ancient Egypt · Heliopolis,The annual Nile flood shaped Egyptian comfort with cyclical inundation,EDITORIAL INTERPRETATION,LOW,—,—,"MARKED IN TEXT — the story asks 'perhaps because', not asserts"
C-010,1,Ancient Egypt · Heliopolis,"The Pyramid Texts were carved in sealed royal burial chambers at Saqqara from about 2350 BCE, beginning with the pyramid of Unas",SECONDARY SCHOLARSHIP,HIGH,standard Egyptology,—,
C-011,1,Ancient Egypt · Heliopolis,"They were funerary spells for the dead king, not narratives, and the cosmogony appears in them only incidentally",SECONDARY SCHOLARSHIP,HIGH,standard Egyptology; evident in Breasted's own presentation,—,
C-012,1,Ancient Egypt · Heliopolis,"Heliopolis, Memphis and Hermopolis maintained different cosmogonies which Egyptian religion never reconciled",SECONDARY SCHOLARSHIP,HIGH,Breasted 1912; standard Egyptology,Breasted p. 11,
C-013,1,Ancient Egypt · Heliopolis,"The Hermopolitan Ogdoad consists of four frog-headed gods and four snake-headed goddesses representing water, darkness, hiddenness and boundlessness",SECONDARY SCHOLARSHIP,HIGH,standard Egyptology,—,
C-014,1,Ancient Egypt · Heliopolis,"Breasted's developmental thesis, announced in his title, is no longer accepted and shaped his selection and ordering",EDITORIAL INTERPRETATION,—,—,—,"MARKED IN TEXT; the translations are kept and the frame dropped, and the story says so"
C-015,2,Archaic Greece,"Greek khaos derives from a verb meaning to gape or yawn and denotes a chasm, not disorder",SECONDARY SCHOLARSHIP,HIGH,standard Greek lexicography,—,
C-016,2,Archaic Greece,"Theogony names four primordials in order: Chaos, Earth, Tartarus, Eros",PRIMARY SOURCE,HIGH,Theogony 116-122,ll. 116-122,
C-017,2,Archaic Greece,Aether and Day are the children of Night and Erebos — light descends from dark,PRIMARY SOURCE,HIGH,Theogony 123-125,ll. 123-125,
C-018,2,Archaic Greece,"Earth bore Ouranos 'equal to herself, to cover her on every side'",PRIMARY SOURCE,HIGH,Theogony 126-128,ll. 126-128,
C-019,2,Archaic Greece,Ouranos pushed each child back into Gaia and would not let them into the light,PRIMARY SOURCE,HIGH,Theogony 154-160,ll. 154-160,
C-020,2,Archaic Greece,Kronos castrated Ouranos with a sickle of grey adamant made by Gaia,PRIMARY SOURCE,HIGH,Theogony 161-182,ll. 161-182,
C-021,2,Archaic Greece,Hesiod's derivation of 'Titans' from straining is a folk etymology,SECONDARY SCHOLARSHIP,HIGH,modern philology,—,
C-022,2,Archaic Greece,An anvil falls nine days from heaven to earth and nine more to Tartarus,PRIMARY SOURCE,HIGH,Theogony 722-725,ll. 722-725,
C-023,2,Archaic Greece,The world is opened rather than made — the separation is an injury,EDITORIAL INTERPRETATION,—,—,—,MARKED IN TEXT
C-024,2,Archaic Greece,"Hesiod is usually dated around 700 BCE, near the beginning of Greek alphabetic writing, and the Theogony is among the earliest surviving Greek texts",SECONDARY SCHOLARSHIP,HIGH,standard classical scholarship,—,
C-025,2,Archaic Greece,"Hesiod names himself, describes the Muses meeting him while he kept sheep on Helicon, and gives them a staff of laurel",PRIMARY SOURCE,HIGH,Theogony 22-34,ll. 22-34,
C-026,2,Archaic Greece,"Hesiod says his father left a failing merchant's trade at Cyme and settled at Ascra, which he describes as bad in winter and worse in summer",PRIMARY SOURCE,HIGH,Works and Days 633-640,ll. 633-640,
C-027,2,Archaic Greece,"Hesiod's Works and Days records a dispute with his brother Perses over their inheritance, decided against him by gift-taking lords",PRIMARY SOURCE,HIGH,"Works and Days 27-41, 213-224",—,
C-028,2,Archaic Greece,"Herodotus said Hesiod and Homer gave the Greeks the names, forms and functions of their gods",SECONDARY SCHOLARSHIP,HIGH,"Herodotus, Histories II.53",—,
C-029,2,Archaic Greece,"The Theogony's succession sequence proceeds by force, deception or mutilation at every transfer, and its author had lost an inheritance case",EDITORIAL INTERPRETATION,—,—,—,"MARKED IN TEXT — offered as a reading, not as a causal claim about composition"
C-030,2,Archaic Greece,Egypt maintains its separation by continuous effort (Shu) while Greece achieves its by a single act of damage,EDITORIAL INTERPRETATION,—,—,—,MARKED IN TEXT — the story's comparative reading
C-031,3,Vedic and Brahmanic India,A Brāhmaṇa creation account opens 'At first the Universe was not anything' and has the non-existent resolve 'Let me be',PRIMARY SOURCE,MEDIUM,Mackenzie 1913,p. 100,FLAGGED — quoted at one remove; translator unnamed in the source
C-032,3,Vedic and Brahmanic India,The sequence runs fervour → smoke → fervour → fire → rays → cloud → sea,PRIMARY SOURCE,MEDIUM,Mackenzie 1913,p. 100,
C-033,3,Vedic and Brahmanic India,"Prajāpati rose from the waters and asked what purpose he was born for, from that which forms no support",PRIMARY SOURCE,MEDIUM,Mackenzie 1913,p. 100,
C-034,3,Vedic and Brahmanic India,"His tears became the earth; what he wiped away became air, and upward, sky",PRIMARY SOURCE,MEDIUM,Mackenzie 1913,p. 100,
C-035,3,Vedic and Brahmanic India,The text links arodīt (he wept) to rodasī (the two world-halves),TRADITIONAL ACCOUNT,HIGH,Mackenzie 1913,p. 100,The link is in the source and is a folk etymology; the story says both
C-036,3,Vedic and Brahmanic India,Tapas means both physical heat and the energy generated by ascetic effort,SECONDARY SCHOLARSHIP,HIGH,standard Indological usage,—,
C-037,3,Vedic and Brahmanic India,Ṛgveda 10.129 declines to say where the world came from,SECONDARY SCHOLARSHIP,HIGH,universally reported; text not consulted for this edition,—,NAMED NOT QUOTED — no PD translation obtainable
C-038,3,Vedic and Brahmanic India,Indian tradition preserved multiple creation accounts side by side without requiring a choice,EDITORIAL INTERPRETATION,—,—,—,MARKED IN TEXT
C-039,3,Vedic and Brahmanic India,"The Brahmanas are prose texts of roughly 900-600 BCE whose purpose is to explain the sacrifice, and their cosmogony is told to account for ritual acts",SECONDARY SCHOLARSHIP,HIGH,standard Indology,—,
C-040,3,Vedic and Brahmanic India,"Vedic oral transmission used word-by-word, paired and reversed recitation patterns designed to make errors audible, preserving texts over two millennia with exceptional fidelity",SECONDARY SCHOLARSHIP,HIGH,standard Indology,—,
C-041,3,Vedic and Brahmanic India,"No public-domain English Rgveda Book 10 was obtainable for this edition, so the Nasadiya Sukta is named and never quoted",EDITORIAL INTERPRETATION,—,"this book's source register, correction C-1",—,MARKED IN TEXT and recorded as correction C-1
C-042,3,Vedic and Brahmanic India,Egyptian plurality of cosmogonies is geographical while Indian plurality is held within a single canon,EDITORIAL INTERPRETATION,—,—,—,MARKED IN TEXT — the story's comparative reading
C-043,4,Zoroastrian Iran,"'Light was above and darkness below, and between those two was open space'",PRIMARY SOURCE,HIGH,Zādsparam I.1 via West,"SBE V, p. 155",
C-044,4,Zoroastrian Iran,Ohrmazd knew Ahriman existed; Ahriman did not know Ohrmazd existed,PRIMARY SOURCE,HIGH,Zādsparam I.2; Bundahishn I.8-9,"SBE V, pp. 155, 4",
C-045,4,Zoroastrian Iran,"Creatures remained 3,000 years in a spiritual state, unthinking and unmoving, with intangible bodies",PRIMARY SOURCE,HIGH,Bundahishn I.8,"SBE V, p. 4",
C-046,4,Zoroastrian Iran,"Ahriman, walking the border, saw a ray of light and strove toward it",PRIMARY SOURCE,HIGH,Zādsparam I.3,"SBE V, p. 156",
C-047,4,Zoroastrian Iran,Ohrmazd drove him back 'through pure words',PRIMARY SOURCE,HIGH,Zādsparam I.4,"SBE V, p. 156",
C-048,4,Zoroastrian Iran,"Ohrmazd answered 'Thou art not a doer of everything, O fiend'",PRIMARY SOURCE,HIGH,Zādsparam I.7,"SBE V, p. 156",
C-049,4,Zoroastrian Iran,"The conflict was fixed by agreement at 9,000 years, of which the middle 3,000 favour Ahriman",PRIMARY SOURCE,HIGH,West's introduction summarising Bundahishn I,"SBE V, p. xxiii",
C-050,4,Zoroastrian Iran,"The six creations damaged: movement in the sky, saltness in water, mountains in earth, withering in plants, death of the primeval ox, death of Gayōmard",PRIMARY SOURCE,HIGH,West's introduction summarising Bundahishn,"SBE V, p. xxiii",
C-051,4,Zoroastrian Iran,Matter is a tactic — the material creation exists so the enemy can be caught in a bounded arena,EDITORIAL INTERPRETATION,—,—,—,MARKED IN TEXT; consistent with the standard reading of Zoroastrian cosmology
C-052,4,Zoroastrian Iran,The Bundahishn was compiled in the ninth century CE in Pahlavi from older Avestan material much of which is lost,SECONDARY SCHOLARSHIP,HIGH,West's introduction; standard Iranian studies,"SBE V, introduction",
C-053,4,Zoroastrian Iran,"The surviving Avesta is a fragment of a larger corpus, and Zoroastrian tradition records its destruction",SECONDARY SCHOLARSHIP,HIGH,standard Iranian studies,—,"The tradition's accounts of the destructions are reported as tradition, not as established event history"
C-054,4,Zoroastrian Iran,"Zoroastrianism was the Sasanian state religion; after the Arab conquests of the mid-seventh century its adherents became a shrinking minority, and the great Pahlavi books were written in that period",SECONDARY SCHOLARSHIP,HIGH,standard history,—,
C-055,4,Zoroastrian Iran,West's translation appeared in 1880 as volume V of Max Müller's fifty-volume Sacred Books of the East,PRIMARY SOURCE,HIGH,the volume itself,SBE V title page,
C-056,4,Zoroastrian Iran,"Zoroastrianism is a living religion of a few hundred thousand adherents, chiefly Parsis in India and Zoroastrians in Iran and the diaspora",SECONDARY SCHOLARSHIP,HIGH,standard reference,—,
C-057,4,Zoroastrian Iran,"Iran's is the only strict dualism in the book, and the only cosmogony in which the material world is created as a tactical arena",EDITORIAL INTERPRETATION,—,—,—,MARKED IN TEXT — the story's comparative reading
C-058,5,Māori · Aotearoa,Māori cosmogony is recited as a genealogy in which the stages before the world are ancestors,PRIMARY SOURCE,HIGH,Dixon 1916; Grey 1855,Dixon pp. 6-7,
C-059,5,Māori · Aotearoa,"Nine named voids precede the nights, including Te Kore-whiwhia (Unpossessing) and Te Kore-rawea (Delightful)",PRIMARY SOURCE,HIGH,Dixon 1916,p. 6,
C-060,5,Māori · Aotearoa,"The nights are named and differ: Hanging, Drifting, Moaning; and Hine-maki-moe, Daughter of Troubled Sleep, stands among them",PRIMARY SOURCE,HIGH,Dixon 1916,p. 6,
C-061,5,Māori · Aotearoa,"The sequence ends Te Ata (Dawn), Te Ao-tū-roa (Abiding Day), Te Ao-mārama (Bright Day), Whai-tua (Space)",PRIMARY SOURCE,HIGH,Dixon 1916,pp. 6-7,
C-062,5,Māori · Aotearoa,"In Whai-tua, Maku (Moisture) and Mahora-nui-a-rangi produced Rangi-pōtiki, who took Papa to wife",PRIMARY SOURCE,HIGH,Dixon 1916,p. 7,
C-063,5,Māori · Aotearoa,"Grey records darkness from the first division of time to the thousandth, each division a being called a Pō",PRIMARY SOURCE,HIGH,Grey 1855,opening of 'The Children of Heaven and Earth',
C-064,5,Māori · Aotearoa,"Whakapapa reckons relationships to land, people and the natural world by descent, and the cosmogony is the top of the recitation",SECONDARY SCHOLARSHIP,HIGH,standard Māori-studies description,—,
C-065,5,Māori · Aotearoa,"The void is an ancestor rather than an enemy, unlike Nun in Egypt",EDITORIAL INTERPRETATION,—,—,—,MARKED IN TEXT — this is the story's comparative reading
C-066,5,Māori · Aotearoa,"Grey was Governor of New Zealand 1845-1853 and 1861-1868, arriving three years after the Treaty of Waitangi",SECONDARY SCHOLARSHIP,HIGH,standard history,—,
C-067,5,Māori · Aotearoa,Grey published the Māori text as Ko nga Mahinga a nga Tupuna Maori in 1854 and his English as Polynesian Mythology in 1855,SECONDARY SCHOLARSHIP,HIGH,standard bibliography,—,
C-068,5,Māori · Aotearoa,"Grey said he undertook the collection because he could not conduct government business with Māori leaders without understanding their allusions, proverbs and genealogies",PRIMARY SOURCE,HIGH,Grey's preface to Polynesian Mythology,preface,
C-069,5,Māori · Aotearoa,Grey's second term coincided with the New Zealand Wars and the land confiscations that followed,SECONDARY SCHOLARSHIP,HIGH,standard history,—,
C-070,5,Māori · Aotearoa,Māori scholars have long criticised Grey's versions for combining accounts from different sources into continuous narratives without marking the joins,SECONDARY SCHOLARSHIP,HIGH,standard Māori-studies criticism,—,
C-071,5,Māori · Aotearoa,Dixon compiled Oceanic Mythology from other collectors' work and names neither the recorder nor the reciter of the genealogy used here,PRIMARY SOURCE,HIGH,Dixon 1916,pp. 6-7,
C-072,5,Māori · Aotearoa,"Hesiod's Theogony and Māori whakapapa are both descent lists beginning from a non-person, but Hesiod's terminates in the gods while whakapapa continues to the speaker",EDITORIAL INTERPRETATION,—,—,—,MARKED IN TEXT — the story's comparative reading
C-073,6,Babylonia,The poem opens by saying heaven was unnamed and earth unrecorded by name,PRIMARY SOURCE,HIGH,Smith/Sayce 1880,"ch. V, first tablet ll. 1-2",
C-074,6,Babylonia,The same tablet couples being called by name with destiny being fixed,PRIMARY SOURCE,HIGH,Smith/Sayce 1880,"ch. V, first tablet l. 8",
C-075,6,Babylonia,In Babylonian thought naming confers function and destiny rather than merely labelling,SECONDARY SCHOLARSHIP,HIGH,standard Assyriological reading of Enuma Elis I.1-9,—,"The couplet is in the source; the generalisation about Babylonian thought is scholarship and is presented as an explanation, not as a quotation"
C-076,6,Babylonia,The boundless deep is called their generator and the sea she who bore the whole of them,PRIMARY SOURCE,HIGH,Smith/Sayce 1880,"ch. V, first tablet ll. 3-4",
C-077,6,Babylonia,Apsu is specifically the fresh subterranean water and Tiamat the salt sea,SECONDARY SCHOLARSHIP,HIGH,"modern Assyriology; NOT in Smith, who glosses Apsu as 'the ocean' and 'the deep'",Smith ch. III n.4; ch. IV table,FLAGGED IN THE SOURCE NOTE — the story's title rests on this later reading and the note says so
C-078,6,Babylonia,Their waters were collected together in one place,PRIMARY SOURCE,HIGH,Smith/Sayce 1880,"ch. V, first tablet l. 5",
C-079,6,Babylonia,The absence named in the poem is that the flowering reed was not gathered and the marsh-plant was not grown,PRIMARY SOURCE,HIGH,Smith/Sayce 1880,"ch. V, first tablet l. 6",
C-080,6,Babylonia,The confluence of the Tigris and Euphrates with the Gulf is a marsh landscape where fresh and salt water mingle without a clear coastline,EDITORIAL INTERPRETATION,—,—,—,Geographical observation offered to explain the imagery; the story presents it as such
C-081,6,Babylonia,"The gods are produced in male-and-female pairs: Lakhmu and Lakhamu, then Sar and Kisar (upper and lower expanse), then Anu, Elum and Hea",PRIMARY SOURCE,HIGH,Smith/Sayce 1880,"ch. V, first tablet ll. 9-15 and commentary",
C-082,6,Babylonia,"Smith identifies Anu with heaven, Elum with earth and Hea with the sea",SECONDARY SCHOLARSHIP,HIGH,Smith/Sayce 1880,ch. V commentary,
C-083,6,Babylonia,"Only fifteen lines of the first tablet survive, and the three tablets between it and the fifth were entirely missing",PRIMARY SOURCE,HIGH,Smith/Sayce 1880,ch. V,
C-084,6,Babylonia,"Anu kissed the bow, addressed it, and made it the protection of mankind",PRIMARY SOURCE,MEDIUM,Smith/Sayce 1880,"ch. VI, fourth fragment K 3449 ll. 4-9",Smith translates 'with some doubt on account of its mutilation' and says so
C-085,6,Babylonia,The scimitar is sickle-shaped and appears as Marduk's weapon on cylinders and bas-reliefs,SECONDARY SCHOLARSHIP,HIGH,Smith/Sayce 1880,ch. VI commentary,
C-086,6,Babylonia,Kingu is named in the war fragments but his role cannot be reconstructed from them,PRIMARY SOURCE,HIGH,Smith/Sayce 1880,"ch. VI, third fragment K 3938 l. 12 and sixth fragment reverse l. 35",The story says only that the fragments name him and break off; Smith's own gloss that Tiamat took a god as husband is his inference and is reported as such
C-087,6,Babylonia,"Tiamat stands at the head of the seven evil spirits, who elsewhere swoop from mid-heaven and eclipse the moon",PRIMARY SOURCE,HIGH,Smith/Sayce 1880,"ch. VI, the sixteenth tablet of the evil-spirit series and Smith's linking comment",
C-088,6,Babylonia,"Marduk hurled the lightning before him, heat filled his body, and he created and launched the winds into the sea",PRIMARY SOURCE,HIGH,Smith/Sayce 1880,"ch. VI, sixth fragment obverse ll. 4-13",
C-089,6,Babylonia,"Tiamat used spells, grounded her foundations at the roots, and determined return",PRIMARY SOURCE,HIGH,Smith/Sayce 1880,"ch. VI, sixth fragment reverse ll. 4-7",
C-090,6,Babylonia,"She opened her mouth to swallow him; the evil wind held it open, filled her stomach, and the sword cut her inside asunder and ended her life",PRIMARY SOURCE,HIGH,Smith/Sayce 1880,"ch. VI, sixth fragment reverse ll. 11-19",
C-091,6,Babylonia,Berosus reports that the god cut the woman Omoroka asunder and formed the earth of one half and the heavens of the other,PRIMARY SOURCE,HIGH,"Berosus via Alexander Polyhistor, reprinted by Smith",ch. III,"Greek summary of a lost Babylonian book, at three removes; the story says it is changing witness"
C-092,6,Babylonia,"Berosus reports that the god's own blood was mixed with earth to make human beings, which is why they are rational",PRIMARY SOURCE,HIGH,"Berosus via Alexander Polyhistor, reprinted by Smith",ch. III,
C-093,6,Babylonia,"The fifth tablet has Anu fix the stars in mansions, set three stars to each of the twelve months, and establish a station so that they might not err or deflect",PRIMARY SOURCE,HIGH,Smith/Sayce 1880,"ch. V, fifth tablet ll. 1-8",
C-094,6,Babylonia,"Great gates in the sides of the world are bolted on the left and right, with a staircase in the centre",PRIMARY SOURCE,HIGH,Smith/Sayce 1880,"ch. V, fifth tablet ll. 9-11",
C-095,6,Babylonia,"The moon is given month-by-month instructions in the second person, ending 'rise and set, and judge judgment'",PRIMARY SOURCE,HIGH,Smith/Sayce 1880,"ch. V, fifth tablet ll. 12-24",
C-096,6,Babylonia,"A four-line fragment, probably the seventh tablet, has the gods create the strong monsters, living creatures, cattle, beasts and creeping things of the field",PRIMARY SOURCE,HIGH,Smith/Sayce 1880,ch. V,
C-097,6,Babylonia,The surviving copies come from Assurbanipal's library at Kouyunjik and carry his colophon,PRIMARY SOURCE,HIGH,Smith/Sayce 1880,"ch. V, colophon of the first tablet",
C-098,6,Babylonia,"Smith and Sayce judged the surviving version Assyrian rather than Babylonian in its present form, probably composed under Assurbanipal",SECONDARY SCHOLARSHIP,HIGH,Smith/Sayce 1880,"ch. V, opening","Reported as their judgement, not as settled fact"
C-099,6,Babylonia,"Smith announced the flood tablet to the Society of Biblical Archaeology on 3 December 1872, after which the Daily Telegraph funded an excavation, and he died on the 1875-76 expedition",PRIMARY SOURCE,HIGH,Smith/Sayce 1880,ch. I,The source says he 'fell a victim to over-fatigue'; the story quotes that phrasing rather than narrating a death scene
C-100,6,Babylonia,Smith was a banknote engraver who taught himself cuneiform at the British Museum,SECONDARY SCHOLARSHIP,HIGH,standard biography; not stated in this source,—,
C-101,6,Babylonia,"Hebrew tehom and Assyrian Tiamat are the same word, and Smith makes the identification",PRIMARY SOURCE,HIGH,Smith/Sayce 1880,ch. V commentary on Genesis i.2,
C-102,6,Babylonia,Smith's book frames the poem against Genesis and tabulates his tablets against the six days,PRIMARY SOURCE,HIGH,Smith/Sayce 1880,"ch. V, the Genesis/tablet table",
C-103,6,Babylonia,"L. W. King, The Seven Tablets of Creation (London, 1902), is the standard edition that superseded Smith and recovered much more of the poem",SECONDARY SCHOLARSHIP,HIGH,standard bibliography,—,NAMED NOT USED — no material from King is in this retelling
C-104,6,Babylonia,Enuma Elis was recited at the Babylonian New Year festival,SECONDARY SCHOLARSHIP,HIGH,standard Assyriology,—,
C-105,6,Babylonia,The Nile's flood is regular and fertilising while the Tigris and Euphrates flood violently and unpredictably,EDITORIAL INTERPRETATION,—,—,—,MARKED IN TEXT — the comparative reading explicitly declines to claim that hydrology produced the theology
C-106,6,Babylonia,Babylon's cosmogony is a matricide while Iran's is a defence against an outsider and Greece's a wound to the father,EDITORIAL INTERPRETATION,—,—,—,MARKED IN TEXT — this is the story's comparative reading
C-107,7,Haudenosaunee · Onondaga,The narrator opens by attributing the legend to five generations of grandfathers,PRIMARY SOURCE,HIGH,"Hewitt, Onondaga version",report p. 141,
C-108,7,Haudenosaunee · Onondaga,"Man-beings dwell on the farther side of the visible sky, which is the ground of the world above",PRIMARY SOURCE,HIGH,"Hewitt, Onondaga version",p. 141,
C-109,7,Haudenosaunee · Onondaga,The Mohawk version says the sky people knew neither weeping nor death,PRIMARY SOURCE,HIGH,"Hewitt, Mohawk version (Seth Newhouse)",p. 255,
C-110,7,Haudenosaunee · Onondaga,"Down-fending was a custom of secluding a child marked at birth as carrying unusual power, with cat-tail down scattered to reveal intruders",SECONDARY SCHOLARSHIP,HIGH,Hewitt's footnote,p. 255 n.b; p. 142,"Hewitt calls the custom 'now almost, if not wholly, obsolete'"
C-111,7,Haudenosaunee · Onondaga,The maiden crossed the lodge each morning to comb and straighten the man-being's hair,PRIMARY SOURCE,HIGH,"Hewitt, Onondaga version",pp. 142-143,
C-112,7,Haudenosaunee · Onondaga,"She became pregnant and would not say by whom, when asked twice",PRIMARY SOURCE,HIGH,"Hewitt, Onondaga version","pp. 143, 145",
C-113,7,Haudenosaunee · Onondaga,"Nobody in the sky world had died before, and they did not know what it meant to say 'I shall die'",PRIMARY SOURCE,HIGH,"Hewitt, Onondaga version",p. 144,
C-114,7,Haudenosaunee · Onondaga,"His mother closed his eyes with both hands and began to weep, and all in the lodge wept",PRIMARY SOURCE,HIGH,"Hewitt, Onondaga version",p. 144,
C-115,7,Haudenosaunee · Onondaga,The girl child wept five days and was quieted only by being lifted to the burial case,PRIMARY SOURCE,HIGH,"Hewitt, Onondaga version",p. 145,
C-116,7,Haudenosaunee · Onondaga,"She brought down a wampum armlet and later a necklace, saying her father gave them to her",PRIMARY SOURCE,HIGH,"Hewitt, Onondaga version",pp. 145-147,
C-117,7,Haudenosaunee · Onondaga,"The dead father instructed her to bake a basket of bread, not to stop or answer on the road, and named the maple log crossing and the tree Tooth",PRIMARY SOURCE,HIGH,"Hewitt, Onondaga version",pp. 147-149,
C-118,7,Haudenosaunee · Onondaga,The blossoms of the tree called Tooth are the source of light for that world,PRIMARY SOURCE,HIGH,"Hewitt, Onondaga version",p. 149,
C-119,7,Haudenosaunee · Onondaga,"Aurora Borealis and Fire Dragon of the Storm spoke to her on the road, and the chief himself waited at the crossing to test her",PRIMARY SOURCE,HIGH,"Hewitt, Onondaga version",pp. 150-152,
C-120,7,Haudenosaunee · Onondaga,"She said 'Thou and I marry' and handed him the basket, and he said nothing",PRIMARY SOURCE,HIGH,"Hewitt, Onondaga version",p. 152,
C-121,7,Haudenosaunee · Onondaga,"The ordeal required her to make mush naked, be scalded without flinching, then be licked raw by two white dogs and restored with sunflower oil",PRIMARY SOURCE,HIGH,"Hewitt, Onondaga version",pp. 153-156,
C-122,7,Haudenosaunee · Onondaga,He said no one from anywhere had been able to do it before,PRIMARY SOURCE,HIGH,"Hewitt, Onondaga version",p. 155,
C-123,7,Haudenosaunee · Onondaga,"He shook the basket seven times to fill it, and sent word that the lodges were to be unroofed; corn then rained into them",PRIMARY SOURCE,HIGH,"Hewitt, Onondaga version",pp. 156-158,
C-124,7,Haudenosaunee · Onondaga,"The narrator explains her second pregnancy as caused by catching the chief's breath while they conversed, and generalises this as the origin of reproduction for man-beings and animals",PRIMARY SOURCE,HIGH,"Hewitt, Onondaga version",pp. 159-160,"This is the narrator's own explanatory aside; the story presents it as his, not as a general Haudenosaunee doctrine"
C-125,7,Haudenosaunee · Onondaga,"The chief became ill and jealous without understanding why, and foretold a daughter named Zephyrs (Gusts-of-wind)",PRIMARY SOURCE,HIGH,"Hewitt, Onondaga version",pp. 160-162,
C-126,7,Haudenosaunee · Onondaga,"A dream feast was held to divine the chief's Word, attended by Deer, Great-horned Deer, Spotted Fawn, Red Meteor, Great Turtle, Wind-who-moves-about, Daylight, Night, Thick Night, Duck, Fresh Water, Yellowhammer, Medicine and Aurora Borealis",PRIMARY SOURCE,HIGH,"Hewitt, Onondaga version",pp. 163-167,
C-127,7,Haudenosaunee · Onondaga,"Aurora Borealis divined the Word: uproot the tree Tooth, tear the earth open, all look in, and the wife sit with her legs in the abyss",PRIMARY SOURCE,HIGH,"Hewitt, Onondaga version",pp. 166-167,
C-128,7,Haudenosaunee · Onondaga,"He gave her dried spotted-fawn meat and three fagots of wood, then seized the nape of her neck and pushed her into the abyss",PRIMARY SOURCE,HIGH,"Hewitt, Onondaga version",pp. 168-170,
C-129,7,Haudenosaunee · Onondaga,"Falling, she saw blue light and a lake covered with ducks, and no earth anywhere",PRIMARY SOURCE,HIGH,"Hewitt, Onondaga version",p. 171,
C-130,7,Haudenosaunee · Onondaga,The Loon saw her first; the Otter tried to bear the assembly and sank; the Turtle bore them all,PRIMARY SOURCE,HIGH,"Hewitt, Onondaga version",pp. 171-173,
C-131,7,Haudenosaunee · Onondaga,"The Muskrat surfaced dead with earth in his paws and mouth, and the earth was placed on the Turtle's carapace, which then grew",PRIMARY SOURCE,HIGH,"Hewitt, Onondaga version",p. 173,
C-132,7,Haudenosaunee · Onondaga,The large waterfowl joined their bodies to catch her and set her on the carapace,PRIMARY SOURCE,HIGH,"Hewitt, Onondaga version",p. 174,
C-133,7,Haudenosaunee · Onondaga,"She lit the first fire with the three fagots, butchered a deer left for her, and three nights later gave birth to Zephyrs a second time",PRIMARY SOURCE,HIGH,"Hewitt, Onondaga version",pp. 174-175,
C-134,7,Haudenosaunee · Onondaga,"Hewitt printed three versions — Onondaga (John Buck, 1889/1897), Seneca (John Armstrong, 1896, revised with Andrew John), Mohawk (Seth Newhouse, 1896-97) — and they differ substantially",PRIMARY SOURCE,HIGH,Hewitt's introduction,pp. 127-128,
C-135,7,Haudenosaunee · Onondaga,Hewitt says Buck's version is shorter because the relator seemed averse to telling more than a brief outline,PRIMARY SOURCE,HIGH,Hewitt's introduction,p. 127,
C-136,7,Haudenosaunee · Onondaga,In the Seneca version the girl's father is lean and dried with what the translation calls jealousy over the child,PRIMARY SOURCE,HIGH,"Hewitt, Seneca version",p. 221,
C-137,7,Haudenosaunee · Onondaga,In the Mohawk version the two down-fended persons are explicitly brother and sister,PRIMARY SOURCE,HIGH,"Hewitt, Mohawk version",p. 255,
C-138,7,Haudenosaunee · Onondaga,"Hewitt records a fuller Onondaga version from Chief John Arthur Gibson, promised for a later report",PRIMARY SOURCE,HIGH,Hewitt's introduction,p. 127,
C-139,7,Haudenosaunee · Onondaga,Hewitt argued that such narratives must be recorded in the vernacular with both literal and free renderings,PRIMARY SOURCE,HIGH,Hewitt's introduction,p. 130,
C-140,7,Haudenosaunee · Onondaga,"Hewitt's commentary uses the evolutionary vocabulary of its period — 'primitive people', 'barbaric man', 'the reified fictions of savage mentation'",PRIMARY SOURCE,HIGH,Hewitt's introduction and footnotes,"pp. 129-131, 141 n.a",
C-141,7,Haudenosaunee · Onondaga,Ohwachira denotes a woman's offspring and their descendants in the female line; orenda denotes immanent magic potence,SECONDARY SCHOLARSHIP,HIGH,Hewitt's footnotes,"pp. 141 n.a, 255 n.a",
C-142,7,Haudenosaunee · Onondaga,"Hewitt was born in 1859, raised on the Tuscarora reservation in New York, and of Tuscarora descent through his mother, though accounts of her ancestry differ",SECONDARY SCHOLARSHIP,MEDIUM,standard biography; not stated in this source,—,"FLAGGED — stated with its uncertainty in the historical context, and explicitly does not make the report a Haudenosaunee publication"
C-143,7,Haudenosaunee · Onondaga,"The Bureau of American Ethnology was a United States federal body operating during the allotment and boarding-school era, on a cultural-evolutionary theory",SECONDARY SCHOLARSHIP,HIGH,standard history of anthropology,—,
C-144,7,Haudenosaunee · Onondaga,"The Haudenosaunee held territory in what is now New York and, after the American Revolution, the Grand River lands in Ontario where Buck and Newhouse were living",SECONDARY SCHOLARSHIP,HIGH,Hewitt's introduction; standard history,p. 127,
C-145,7,Haudenosaunee · Onondaga,"The earth-diver makes this the only cosmogony so far in which the world is retrieved rather than made, by the smallest animal present, who dies doing it",EDITORIAL INTERPRETATION,—,—,—,MARKED IN TEXT — the story's comparative reading
C-146,7,Haudenosaunee · Onondaga,"The first copy of Hewitt obtained for this book was too degraded by OCR to quote from, and a cleaner scan of the same report was substituted",EDITORIAL INTERPRETATION,—,—,—,"Production fact, recorded in the source note and the source register (correction C-4)"
C-147,8,Cherokee,"The earth is an island in water, suspended by four cords from a solid rock sky vault",PRIMARY SOURCE,HIGH,Mooney 1900,"myth 1, p. 239",
C-148,8,Cherokee,"When the world grows old the cords will break and everything will be water again, and the Indians are afraid of this",PRIMARY SOURCE,HIGH,Mooney 1900,"myth 1, p. 239",
C-149,8,Cherokee,The animals lived above in Galûñ'lati and wanted more room because it was crowded,PRIMARY SOURCE,HIGH,Mooney 1900,"myth 1, p. 239",
C-150,8,Cherokee,"Dâyuni'si, 'Beaver's Grandchild', the little water-beetle, dived and returned with soft mud that grew into the island",PRIMARY SOURCE,HIGH,Mooney 1900,"myth 1, p. 239",
C-151,8,Cherokee,"Mooney identifies the water-beetle as the Gyrinus, locally the mellow bug or apple beetle, and records a variant in which the water-spider helps",SECONDARY SCHOLARSHIP,HIGH,Mooney 1900,"note to myth 1, p. 431",
C-152,8,Cherokee,The earth was fastened to the sky with four cords and no one remembers who did it,PRIMARY SOURCE,HIGH,Mooney 1900,"myth 1, p. 239",
C-153,8,Cherokee,The Great Buzzard's failing wings cut the valleys and raised the mountains of the Cherokee country,PRIMARY SOURCE,HIGH,Mooney 1900,"myth 1, p. 239",
C-154,8,Cherokee,"The buzzard shaping the mountains also occurs among the Creek and Yuchi, though there the crawfish brings up the first earth; among northern peoples a turtle carries the world",SECONDARY SCHOLARSHIP,HIGH,Mooney 1900,"note to myth 1, p. 431",
C-155,8,Cherokee,"The sun was raised a hand-breadth at a time to seven hand-breadths, the 'seventh height', after scorching Tsiska'gili' the Red Crawfish, whom the Cherokee therefore do not eat",PRIMARY SOURCE,HIGH,Mooney 1900,"myth 1, pp. 239-240",
C-156,8,Cherokee,"An underworld exists with reversed seasons, entered through springs at the heads of mountain streams, requiring fasting, going to water and a guide",PRIMARY SOURCE,HIGH,Mooney 1900,"myth 1, p. 240",
C-157,8,Cherokee,"The animals and plants were told to keep awake seven nights; the owl, panther and one or two others succeeded and were given night vision, and the cedar, pine, spruce, holly and laurel were given evergreen leaves and the greatest medicine",PRIMARY SOURCE,HIGH,Mooney 1900,"myth 1, p. 240",
C-158,8,Cherokee,"The first people were a brother and sister; he struck her with a fish, a child came every seven days, and it was then made one child a year",PRIMARY SOURCE,HIGH,Mooney 1900,"myth 1, p. 240",
C-159,8,Cherokee,"Mooney states the Cherokee genesis myth is too far broken down to be recovered except in disjointed fragments, through decay of tradition and admixture of Bible ideas",PRIMARY SOURCE,HIGH,Mooney 1900,"note to myth 1, p. 431","The collector's own assessment, quoted rather than adopted; the source note says it may be right and cannot now be tested"
C-160,8,Cherokee,Myth 1 is a composite: main body from Swimmer and John Ax; evergreens from Ta'gwadihi'; the fish incident from Ayâ'sta; John Ax's divergent Little People version; Wafford's blind first man,PRIMARY SOURCE,HIGH,Mooney 1900,"note to myth 1, p. 431",
C-161,8,Cherokee,Mooney glosses the fish incident as possibly phallic,SECONDARY SCHOLARSHIP,HIGH,Mooney 1900,"note to myth 1, p. 431","Reported as Mooney's own bracketed guess, not as Cherokee interpretation"
C-162,8,Cherokee,"Swimmer was born about 1835, trained as priest, doctor and keeper of tradition, served as a sergeant in a Cherokee Confederate company, wrote in the Cherokee syllabary, spoke no English, and died in March 1899",PRIMARY SOURCE,HIGH,Mooney 1900,pp. 236-237,
C-163,8,Cherokee,"Swimmer supplied nearly three-quarters of the myths in the collection, and Mooney wrote that with him perished half the tradition of a people",PRIMARY SOURCE,HIGH,Mooney 1900,p. 236,
C-164,8,Cherokee,John Ax was born about 1800 and remembered the Creek war,PRIMARY SOURCE,HIGH,Mooney 1900,p. 237,
C-165,8,Cherokee,"Mooney describes the 1838 removal as possibly exceeding any other passage in American history in grief, with troops taking families from their homes, houses burned, and graves robbed",PRIMARY SOURCE,HIGH,Mooney 1900,"historical sketch, pp. 130-132",
C-166,8,Cherokee,Mooney quotes a Georgia volunteer and later Confederate colonel calling the Cherokee removal the cruelest work he ever knew,PRIMARY SOURCE,HIGH,Mooney 1900,p. 130,
C-167,8,Cherokee,Around four thousand Cherokee died as a direct result of the removal,SECONDARY SCHOLARSHIP,HIGH,Mooney 1900,p. 133,"Mooney's own figure, given as an assertion 'probably with reason'"
C-168,8,Cherokee,Tsali surrendered voluntarily and was shot with his brother and two elder sons near the mouth of the Tuckasegee by Cherokee prisoners compelled to do it; the Eastern Band descends from those permitted to remain,PRIMARY SOURCE,HIGH,Mooney 1900,pp. 131-132,
C-169,8,Cherokee,"This is the only cosmogony in the book whose stated motive is overcrowding, and the only one that twice declines to name an agent",EDITORIAL INTERPRETATION,—,—,—,"MARKED IN TEXT — the story's comparative reading, which also states that Mooney read the blank as damage"
C-170,8,Cherokee,Almost every element of the account explains an observable feature of the Cherokee country,EDITORIAL INTERPRETATION,—,—,—,MARKED IN TEXT
C-171,9,Finland · Karelia,"The poem opens by calling a second singer to sing with the first, and instructs them to clasp hands so as to remember better",PRIMARY SOURCE,HIGH,"Kalevala, Proem, trans. Crawford",Proem,
C-172,9,Finland · Karelia,"Ilmatar, Daughter of the Ether, lived alone in the air for ages and her existence was wearisome, sad and hopeless",PRIMARY SOURCE,HIGH,Kalevala Rune I,"Rune I, opening",
C-173,9,Finland · Karelia,She descended to the ocean and the east wind whipped the sea; she conceived from the storm and water,PRIMARY SOURCE,HIGH,Kalevala Rune I,Rune I,
C-174,9,Finland · Karelia,"She swam seven hundred years, called also nine ages of man's existence, unable to rise or give birth",PRIMARY SOURCE,HIGH,Kalevala Rune I,Rune I,
C-175,9,Finland · Karelia,She lamented that it would have been better to remain a maiden in the ether than become a water-mother,PRIMARY SOURCE,HIGH,Kalevala Rune I,Rune I,
C-176,9,Finland · Karelia,"She prayed to Ukko, ruler of the heavens, to come and deliver her, and he does not appear in the poem",PRIMARY SOURCE,HIGH,Kalevala Rune I,Rune I,"The silence is an absence in the text, not a statement in it; the story reports the prayer and then what actually happens next"
C-177,9,Finland · Karelia,A duck searched every direction for a nest site and reasoned aloud that wind and waves would destroy a nest built on air or flood,PRIMARY SOURCE,HIGH,Kalevala Rune I,Rune I,
C-178,9,Finland · Karelia,"Ilmatar raised her shoulders and knee so the duck could nest, and the duck took them for grassy hillocks",PRIMARY SOURCE,HIGH,Kalevala Rune I,Rune I,
C-179,9,Finland · Karelia,The duck laid six golden eggs and a seventh of iron and brooded three days until the knee burned,PRIMARY SOURCE,HIGH,Kalevala Rune I,Rune I,
C-180,9,Finland · Karelia,"The shaken eggs fell and shattered, and the fragments formed earth from the lower half, sky from the upper, moon from the white, sun from the yellow, stars from the motley and cloud from the dark",PRIMARY SOURCE,HIGH,Kalevala Rune I,Rune I,
C-181,9,Finland · Karelia,"In the ninth year, in the summer of the tenth, she raised her head and shaped headlands, fish-holes, deeps, level banks, bays and inlets with her hand, foot, dives, side and head",PRIMARY SOURCE,HIGH,Kalevala Rune I,Rune I,
C-182,9,Finland · Karelia,Resting on her back she made the rocks and the hidden reefs where ships are often wrecked and many lives have perished,PRIMARY SOURCE,HIGH,Kalevala Rune I,Rune I,
C-183,9,Finland · Karelia,Väinämöinen remained unborn thirty summers and thirty winters after the world was made,PRIMARY SOURCE,HIGH,Kalevala Rune I,Rune I,
C-184,9,Finland · Karelia,"He petitioned the Moon, the Sun and the Great Bear to release him and all three refused",PRIMARY SOURCE,HIGH,Kalevala Rune I,Rune I,
C-185,9,Finland · Karelia,"He forced the lock with an unnamed finger, used the toes of his left foot and the fingers of his right hand, and plunged head first into the sea",PRIMARY SOURCE,HIGH,Kalevala Rune I,Rune I,
C-186,9,Finland · Karelia,"He remained in the sea five, six and seven years and came ashore in the autumn of the eighth on a promontory bare of verdure, then stood to look at sun, moon and the Great Bear",PRIMARY SOURCE,HIGH,Kalevala Rune I,Rune I,
C-187,9,Finland · Karelia,"Topelius collected eighty epic fragments from his sickbed by having Karelian traders sing to him, publishing 1822-1831",PRIMARY SOURCE,HIGH,Crawford's preface,preface,
C-188,9,Finland · Karelia,"Lönnrot, born 1802, a physician, collected runes from 1828 in Savo, Karelia and Archangel province by horse, reindeer sledge and canoe",PRIMARY SOURCE,HIGH,Crawford's preface,preface,
C-189,9,Finland · Karelia,Lönnrot arranged the material under the central idea of a great epic and sent the manuscript to the Finnish Literary Society in February 1835,PRIMARY SOURCE,HIGH,Crawford's preface,preface,
C-190,9,Finland · Karelia,"The 1849 second edition contains fifty runes and 22,793 lines and resulted from sifting, arranging and organizing the material",PRIMARY SOURCE,HIGH,Crawford's preface,preface,
C-191,9,Finland · Karelia,Crawford's manuscript was compared against Schiefner's German and Barna's Hungarian translations by named scholars,PRIMARY SOURCE,HIGH,"Crawford's preface, acknowledgements",preface,
C-192,9,Finland · Karelia,How directly Crawford worked from the Finnish rather than through Schiefner's German has been questioned,SECONDARY SCHOLARSHIP,MEDIUM,later criticism of Crawford's translation,—,"FLAGGED — stated as a question raised, not as established fact"
C-193,9,Finland · Karelia,In the Kalevala the world-egg is laid by a duck; in other Finnish traditions by an eagle,PRIMARY SOURCE,HIGH,Crawford's preface,preface,
C-194,9,Finland · Karelia,"Grimm, Steinthal, Uhland, Carrière and Max Müller took up the Kalevala; Grimm contrasted its genuineness with Ossian",PRIMARY SOURCE,HIGH,Crawford's preface,preface,
C-195,9,Finland · Karelia,"Finland was an autonomous Grand Duchy of the Russian Empire from 1809 to 1917, having previously been under Swedish rule; Crawford's preface states the political position incorrectly",SECONDARY SCHOLARSHIP,HIGH,standard history; Crawford's preface for the error,preface,
C-196,9,Finland · Karelia,Swedish was the language of administration and educated life; Finnish was spoken widely and printed almost not at all,SECONDARY SCHOLARSHIP,HIGH,standard history,—,
C-197,9,Finland · Karelia,The Kalevala became the founding text of Finnish national identity in the decades before independence in 1917,SECONDARY SCHOLARSHIP,HIGH,standard history,—,
C-198,9,Finland · Karelia,"This is the only creation in the book produced entirely by accident, the sole deliberate act being Ilmatar raising her knee for the bird",EDITORIAL INTERPRETATION,—,—,—,MARKED IN TEXT — the story's comparative reading
C-199,9,Finland · Karelia,The poem places the drowning of sailors inside the act of creation itself,EDITORIAL INTERPRETATION,—,—,—,MARKED IN TEXT; the quoted lines are the evidence
C-200,10,Ainu · Hokkaidō,"The world began as a slushy quagmire of mixed water and earth, incapable of sustaining life, with land drifting in it",PRIMARY SOURCE,HIGH,Batchelor 1901,ch. III,
C-201,10,Ainu · Hokkaidō,"The clouds already had thunder demons, the skies living creatures, and the Creator dwelt in the highest heavens with hosts of subordinate deities",PRIMARY SOURCE,HIGH,Batchelor 1901,ch. III,
C-202,10,Ainu · Hokkaidō,God made a water-wagtail and sent it down to produce the earth,PRIMARY SOURCE,HIGH,Batchelor 1901,ch. III,
C-203,10,Ainu · Hokkaidō,"The wagtail fluttered over the waters, trampled the mud with its feet and beat it with its tail until dry places appeared and the waters became the ocean",PRIMARY SOURCE,HIGH,Batchelor 1901,ch. III,
C-204,10,Ainu · Hokkaidō,"The Ainu call the world moshiri, 'floating earth', and hold the wagtail in great esteem as the angel of God",PRIMARY SOURCE,HIGH,Batchelor 1901,ch. III,
C-205,10,Ainu · Hokkaidō,"In a second version God cast up the rough ground with mattocks and axes and the wagtail levelled it by hopping, scratching, flapping and tail-waving",PRIMARY SOURCE,HIGH,Batchelor 1901,ch. III,
C-206,10,Ainu · Hokkaidō,The wagtail's present-day tail-beating is explained by this work,PRIMARY SOURCE,HIGH,Batchelor 1901,ch. III,
C-207,10,Ainu · Hokkaidō,"Many Ainu understood the Creator to have used stone hammers, axes and mattocks, because God is never conceived of as working without means",PRIMARY SOURCE,HIGH,Batchelor 1901,ch. III,
C-208,10,Ainu · Hokkaidō,"Sixty mattocks were used and discarded; decomposing, they became demons, bad water, and trees that originate diseases",PRIMARY SOURCE,HIGH,Batchelor 1901,"ch. III, 'How mattocks evolved demons'",
C-209,10,Ainu · Hokkaidō,"The chief demon so produced is Nitat-unarabe, 'aunt of the swamps', whose offspring are called Toihekunra",PRIMARY SOURCE,HIGH,Batchelor 1901,ch. III,
C-210,10,Ainu · Hokkaidō,Batchelor obtained the Yezo legend from an Ainu companion who rebuked him for criticising the west coast as a reflection on God's works,PRIMARY SOURCE,HIGH,Batchelor 1901,ch. III,
C-211,10,Ainu · Hokkaidō,"Yezo was made by two deputy deities racing; the goddess stopped to talk with Aioina's sister, then rushed her half, producing the rugged west coast",PRIMARY SOURCE,HIGH,Batchelor 1901,ch. III,
C-212,10,Ainu · Hokkaidō,"The legend was quoted at women who talked too much, with the moral to set a watch over the lips",PRIMARY SOURCE,HIGH,Batchelor 1901,ch. III,"Reported as the recorded use of the story, neither endorsed nor concealed"
C-213,10,Ainu · Hokkaidō,"In another version Aioina's sister Tureshmat wept on being given the western portion, and this is the origin of tears; nupe is heard as nu (hear) plus pe (water)",PRIMARY SOURCE,HIGH,Batchelor 1901,ch. III,A folk etymology recorded in the source and presented as one
C-214,10,Ainu · Hokkaidō,"A rock near Moruran called mukara-so, 'axe rock', is said to be a deity's axe, unliftable by anyone",PRIMARY SOURCE,HIGH,Batchelor 1901,ch. III,
C-215,10,Ainu · Hokkaidō,Batchelor introduces the chapter by calling Ainu ideas of creation 'absolutely absurd' and an illustration of the depths of intellectual blindness a race may sink into,PRIMARY SOURCE,HIGH,Batchelor 1901,ch. III opening,
C-216,10,Ainu · Hokkaidō,Batchelor suggests the wagtail legend may derive from Genesis 1 and then argues against his own suggestion,PRIMARY SOURCE,HIGH,Batchelor 1901,ch. III,
C-217,10,Ainu · Hokkaidō,Batchelor names no narrators in this chapter beyond 'an Ainu companion',PRIMARY SOURCE,HIGH,Batchelor 1901,ch. III,
C-218,10,Ainu · Hokkaidō,"Japan annexed Ezo in 1869, renamed it Hokkaidō and opened it to settlement; fishing and hunting rights, language and customs were progressively restricted",SECONDARY SCHOLARSHIP,HIGH,standard history,—,
C-219,10,Ainu · Hokkaidō,"The Hokkaidō Former Aborigines Protection Act of 1899 allotted land conditional on agriculture and set up separate schools, with assimilation as its purpose, and remained law until 1997",SECONDARY SCHOLARSHIP,HIGH,standard history,—,
C-220,10,Ainu · Hokkaidō,"Japan recognised the Ainu as an Indigenous people by Diet resolution in 2008, followed by the Ainu Policy Promotion Act in 2019",SECONDARY SCHOLARSHIP,HIGH,standard history,—,
C-221,10,Ainu · Hokkaidō,Batchelor lived among the Ainu for decades and compiled an Ainu-English-Japanese dictionary,SECONDARY SCHOLARSHIP,HIGH,standard biography; the title page identifies him as author of 'The Ainu of Japan',—,
C-222,10,Ainu · Hokkaidō,"This is the only account in the book in which evil is a by-product of construction rather than an opponent, an ancestor or a consequence",EDITORIAL INTERPRETATION,—,—,—,MARKED IN TEXT — the story's comparative reading
C-223,10,Ainu · Hokkaidō,"The wagtail is the only creature in the book that makes the world by manual labour rather than by diving, laying or intending",EDITORIAL INTERPRETATION,—,—,—,MARKED IN TEXT
C-224,11,Epic India,"Nārāyaṇa instructed Brahmā and the gods to churn the Ocean with the Asuras, promising amṛta together with all drugs and gems",PRIMARY SOURCE,HIGH,"Ganguli, Adi Parva",Āstīka Parva XVII,
C-225,11,Epic India,The celestials sat in conclave on the peak of Meru as eager seekers after amṛta,PRIMARY SOURCE,HIGH,"Ganguli, Adi Parva",Āstīka Parva XVII,
C-226,11,Epic India,"Mandara rises eleven thousand yojanas and descends as far, and the gods could not tear it up",PRIMARY SOURCE,HIGH,"Ganguli, Adi Parva",Āstīka Parva XVIII,
C-227,11,Epic India,"Ananta, prince of snakes, tore up the mountain with its woods and the denizens of those woods",PRIMARY SOURCE,HIGH,"Ganguli, Adi Parva",Āstīka Parva XVIII,
C-228,11,Epic India,The gods asked the Ocean's leave and it consented on condition of receiving a share,PRIMARY SOURCE,HIGH,"Ganguli, Adi Parva",Āstīka Parva XVIII,
C-229,11,Epic India,The king of tortoises agreed to hold the mountain on his back and Indra placed it there,PRIMARY SOURCE,HIGH,"Ganguli, Adi Parva",Āstīka Parva XVIII,
C-230,11,Epic India,"Vasuki served as the churning cord, Asuras at the hood and gods at the tail",PRIMARY SOURCE,HIGH,"Ganguli, Adi Parva",Āstīka Parva XVIII,
C-231,11,Epic India,"The stretching produced black vapours and flames from Vasuki's mouth, which became lightning clouds whose rain refreshed the gods, along with falling flowers",PRIMARY SOURCE,HIGH,"Ganguli, Adi Parva",Āstīka Parva XVIII,
C-232,11,Epic India,"A roar came from the deep like the clouds at the Universal Dissolution; aquatic animals were crushed, denizens of the lower regions killed, trees with birds uprooted, and friction fires burned lions and elephants until Indra's rain quenched them",PRIMARY SOURCE,HIGH,"Ganguli, Adi Parva",Āstīka Parva XVIII,
C-233,11,Epic India,"Tree gums and herb juices with the properties of amṛta mixed into the water; the gods who drank became immortal and the milky water turned to clarified butter, but nectar had not appeared",PRIMARY SOURCE,HIGH,"Ganguli, Adi Parva",Āstīka Parva XVIII,
C-234,11,Epic India,"The gods said they were spent up with no strength to churn further, and Nārāyaṇa granted them strength",PRIMARY SOURCE,HIGH,"Ganguli, Adi Parva",Āstīka Parva XVIII,
C-235,11,Epic India,"There emerged in order the Moon, Lakṣmī in white, Soma, the White Steed, the Kaustubha gem, Dhanvantari with the white vessel of nectar, and the elephant Airāvata with two pairs of white tusks",PRIMARY SOURCE,HIGH,"Ganguli, Adi Parva",Āstīka Parva XVIII,
C-236,11,Epic India,On seeing Dhanvantari the Asuras cried 'It be ours',PRIMARY SOURCE,HIGH,"Ganguli, Adi Parva",Āstīka Parva XVIII,
C-237,11,Epic India,"The poison Kālakūṭa arose last, engulfed the earth, blazed with fumes, and stupefied the three worlds by its scent",PRIMARY SOURCE,HIGH,"Ganguli, Adi Parva",Āstīka Parva XVIII,
C-238,11,Epic India,"Śiva, solicited by Brahmā, swallowed the poison for the safety of creation and held it in his throat, and is therefore called Nīlakaṇṭha, blue-throated",PRIMARY SOURCE,HIGH,"Ganguli, Adi Parva",Āstīka Parva XVIII,
C-239,11,Epic India,Nārāyaṇa assumed an enticing female form by māyā and the Danavas placed the amṛta in her hands,PRIMARY SOURCE,HIGH,"Ganguli, Adi Parva",Āstīka Parva XVIII,
C-240,11,Epic India,Rāhu drank the amṛta in the guise of a god; Sūrya and Soma exposed him; Nārāyaṇa cut off his head with the discus when the nectar had reached his throat,PRIMARY SOURCE,HIGH,"Ganguli, Adi Parva",Āstīka Parva XIX,
C-241,11,Epic India,The severed head rose crying to the sky and the trunk fell and made the earth tremble; the quarrel with Sūrya and Soma explains solar and lunar eclipses,PRIMARY SOURCE,HIGH,"Ganguli, Adi Parva",Āstīka Parva XIX,
C-242,11,Epic India,The churning is told as Sauti's answer to Saunaka's question about the origin of the horse Uchchaihsravas,PRIMARY SOURCE,HIGH,"Ganguli, Adi Parva",Āstīka Parva XVII,
C-243,11,Epic India,Ganguli states that a translator should hold the mirror up to his author and refuses to make Hindu ideas agreeable to English taste,PRIMARY SOURCE,HIGH,"Ganguli, Translator's Preface",preface,
C-244,11,Epic India,"The translation was published anonymously by agreement, with two prefaces; an Indian journal accused Pratap Chandra Roy of a great literary imposture and later apologised; Ganguli's name appeared only on completion",PRIMARY SOURCE,HIGH,"Ganguli, Translator's Preface",preface,
C-245,11,Epic India,Ganguli acknowledges assistance from Babu Charu Charan Mookerjee in portions of the Adi and Sabha Parvas,PRIMARY SOURCE,HIGH,"Ganguli, Translator's Preface",preface,
C-246,11,Epic India,"The Mahābhārata is an accreted composite in eighteen parvas, traditionally ascribed to Vyāsa, grown over centuries around a dynastic war narrative",SECONDARY SCHOLARSHIP,HIGH,standard Indology,—,
C-247,11,Epic India,"Ganguli's was the first complete English Mahābhārata; it was Indian-translated, Indian-financed and Calcutta-printed, partly distributed free, and Roy died before completion with his widow seeing the remaining volumes out",SECONDARY SCHOLARSHIP,MEDIUM,standard bibliography,—,FLAGGED — the free distribution and the widow's role are well reported but are not stated in the text used here
C-248,11,Epic India,Max Müller's Sacred Books of the East was in progress at the same period and is the source of this book's Bundahishn,PRIMARY SOURCE,HIGH,the SBE volume itself,SBE V,
C-249,11,Epic India,This is the only primeval water in the book that negotiates terms rather than being killed or ignored,EDITORIAL INTERPRETATION,—,—,—,MARKED IN TEXT — the story's comparative reading
C-250,11,Epic India,Cooperation between gods and Asuras here is a mechanical requirement of the churning rather than a moral position,EDITORIAL INTERPRETATION,—,—,—,MARKED IN TEXT
C-251,11,Epic India,This is the only account in the book in which the poison and the medicine are produced by one and the same process,EDITORIAL INTERPRETATION,—,—,—,MARKED IN TEXT
C-252,12,Norse · Iceland,"Vǫluspá 3 says that where Ymir dwelt there was neither sand nor sea nor cold waves, no earth and no heaven, a chaotic chasm, and grass nowhere",PRIMARY SOURCE,HIGH,"Thorpe, Poetic Edda",Vǫluspá 3,
C-253,12,Norse · Iceland,"Niflheim to the north held ice, rime, drizzle and gusts; Muspelheim to the south threw out sparks; between them Ginnungagap was as warm and mild as windless air",PRIMARY SOURCE,HIGH,"Anderson, Gylfaginning",section 5,
C-254,12,Norse · Iceland,"Heat from Muspelheim melted the rime and the drops quickened into a man named Ymir, called Aurgelmir by the frost-giants",PRIMARY SOURCE,HIGH,"Anderson, Gylfaginning",section 5,
C-255,12,Norse · Iceland,"Venom drops from Élivágar grew until they became a giant, and sparks from the south gave the ice life",PRIMARY SOURCE,HIGH,"Thorpe, Poetic Edda",Vafþrúðnismál 31,
C-256,12,Norse · Iceland,Snorri's Hár denies that Ymir is a god and calls him and all his offspring evil,PRIMARY SOURCE,HIGH,"Anderson, Gylfaginning",section 5,
C-257,12,Norse · Iceland,"Ymir sweated in his sleep and a man and woman grew under his left arm, and one foot begat a son with the other",PRIMARY SOURCE,HIGH,"Anderson, Gylfaginning; Vafþrúðnismál 33",section 5; Vafþrúðnismál 33,Vafþrúðnismál gives the offspring as a six-headed son; the retelling follows the prose and does not merge the two
C-258,12,Norse · Iceland,The cow Auðhumla was formed from the melting rime and four milk-streams from her fed Ymir,PRIMARY SOURCE,HIGH,"Anderson, Gylfaginning",section 6,
C-259,12,Norse · Iceland,"She licked rime-covered salt-stones, producing a man's hair on the first day, his head on the second and the whole man, Búri, on the third",PRIMARY SOURCE,MEDIUM,"Anderson, Gylfaginning",section 6,"FLAGGED — unique to Snorri, with no surviving poetic witness; the source note says so"
C-260,12,Norse · Iceland,"Búri begat Borr, who married Bestla daughter of the giant Bölthorn, and their sons were Óðinn, Vili and Vé",PRIMARY SOURCE,HIGH,"Anderson, Gylfaginning",section 6,
C-261,12,Norse · Iceland,"The sons of Borr killed Ymir and his blood drowned all the frost-giants except Bergelmir, who escaped with his household in an ark",PRIMARY SOURCE,HIGH,"Anderson, Gylfaginning; Vafþrúðnismál 35","section 7; Vafþrúðnismál 29, 35",
C-262,12,Norse · Iceland,"They made the earth of his flesh, the seas and lakes of his blood, the rocks of his bones, and stones and pebbles of his teeth, jaws and broken bones",PRIMARY SOURCE,HIGH,"Anderson, Gylfaginning; Vafþrúðnismál 21",section 8; Vafþrúðnismál 21,
C-263,12,Norse · Iceland,"The free-flowing blood became the ocean, laid around the earth in a ring most men would think impossible to cross",PRIMARY SOURCE,HIGH,"Anderson, Gylfaginning",section 8,
C-264,12,Norse · Iceland,"His skull became the sky raised with four corners, with a dwarf set under each, named East, West, North and South",PRIMARY SOURCE,MEDIUM,"Anderson, Gylfaginning",section 8,FLAGGED — the four named dwarfs are Snorri's and have no surviving poetic witness
C-265,12,Norse · Iceland,"Grímnismál adds that his hair became trees and plants, his brows Midgard for the sons of men, and his brain the clouds",PRIMARY SOURCE,HIGH,"Thorpe, Poetic Edda",Grímnismál 40-41,
C-266,12,Norse · Iceland,"Sparks from Muspelheim were fixed in the sky as lights, some set in place and some given assigned courses",PRIMARY SOURCE,HIGH,"Anderson, Gylfaginning",section 8,
C-267,12,Norse · Iceland,"The sun did not know where her hall was, the moon did not know what might he had, and the stars did not know their resting-places",PRIMARY SOURCE,HIGH,"Thorpe, Poetic Edda; quoted also by Snorri",Vǫluspá 5; Gylfaginning 8,
C-268,12,Norse · Iceland,"The gods in council gave names to night, the waning moon, morning, midday, afternoon and evening, whereby to reckon years",PRIMARY SOURCE,HIGH,"Thorpe, Poetic Edda",Vǫluspá 6,
C-269,12,Norse · Iceland,Iceland adopted Christianity by decision of the Alþing in the year 1000,SECONDARY SCHOLARSHIP,HIGH,standard history,—,
C-270,12,Norse · Iceland,"The Poetic Edda survives chiefly in the Codex Regius, written about 1270; the poems are older but by a disputed margin",SECONDARY SCHOLARSHIP,HIGH,standard Old Norse scholarship,—,
C-271,12,Norse · Iceland,"Snorri Sturluson wrote the Prose Edda in the 1220s, was lawspeaker of the Icelandic assembly, and was killed in 1241 on the orders of the king of Norway",SECONDARY SCHOLARSHIP,HIGH,standard history,—,
C-272,12,Norse · Iceland,"The Prose Edda was written as a handbook for poets, because skaldic kennings require knowledge of the myths",SECONDARY SCHOLARSHIP,HIGH,standard Old Norse scholarship; evident in the work's structure,—,
C-273,12,Norse · Iceland,"Snorri's preface explains the gods as human beings later mistakenly worshipped, and the Gylfaginning ends by revealing the vision as an illusion",PRIMARY SOURCE,HIGH,the Prose Edda itself,Foreword; end of Gylfaginning,
C-274,12,Norse · Iceland,"Anderson was professor of Scandinavian languages at Wisconsin, later US Minister to Denmark, and author of 'America Not Discovered By Columbus'",PRIMARY SOURCE,HIGH,the title page of the volume used,title page,
C-275,12,Norse · Iceland,Norse myth has been repeatedly enlisted for political purposes since the nineteenth century,EDITORIAL INTERPRETATION,—,—,—,"MARKED IN TEXT, stated briefly and without elaboration; the point made is that the versions given here are the thirteenth-century Icelandic ones"
C-276,12,Norse · Iceland,"The itemised parts list served Icelandic poets as a working reference for kennings, not only as narrative",EDITORIAL INTERPRETATION,—,—,—,MARKED IN TEXT — the story's comparative reading
C-277,12,Norse · Iceland,"The Norse flood is a flood of the victim's blood and the ark-survivor is the victim's kinsman, inverting the usual flood pattern",EDITORIAL INTERPRETATION,—,—,—,MARKED IN TEXT
C-278,12,Norse · Iceland,The final stage of the Norse creation is a timetable rather than a substance,EDITORIAL INTERPRETATION,—,—,—,MARKED IN TEXT
C-279,12,Norse · Iceland,"The gods in council resolved who should create the race of dwarfs from the sea-giant's blood and livid bones, making Móðsognir greatest and Durin second",PRIMARY SOURCE,HIGH,"Thorpe, Vǫluspá 9-10",Vǫluspá 9-10,
C-280,12,Norse · Iceland,Snorri says the dwarfs had quickened in Ymir's flesh like maggots and were given understanding and the likeness of men but had to dwell in earth and rock,PRIMARY SOURCE,HIGH,"Anderson, Gylfaginning 14",section 14,The maggot comparison is the source's own
C-281,12,Norse · Iceland,Vǫluspá names more than sixty dwarfs across four stanzas,PRIMARY SOURCE,HIGH,"Thorpe, Vǫluspá 11-16",Vǫluspá 11-16,
C-282,12,Norse · Iceland,"Three gods found Ask and Embla on earth nearly powerless and void of destiny, without spirit, sense, blood, motive powers or goodly colour",PRIMARY SOURCE,HIGH,"Thorpe, Vǫluspá 17-18",Vǫluspá 17-18,
C-283,12,Norse · Iceland,"Óðinn gave spirit, Hœnir gave sense, and Lóðurr gave blood and goodly colour",PRIMARY SOURCE,HIGH,"Thorpe, Vǫluspá 18",Vǫluspá 18,
C-284,12,Norse · Iceland,"In Snorri's prose the three gifts are life and spirit; reason and power of motion; and form, speech, hearing and eyesight, after which the gods gave them clothes and names",PRIMARY SOURCE,HIGH,"Anderson, Gylfaginning 9",section 9,
C-285,12,Norse · Iceland,"Borr's sons found two trees on the sea-strand and made the first man and woman of them, naming them Ask and Embla",PRIMARY SOURCE,HIGH,"Anderson, Gylfaginning 9",section 9,
C-286,12,Norse · Iceland,Ask means ash and Embla is probably elm,SECONDARY SCHOLARSHIP,MEDIUM,standard Old Norse etymology,—,"FLAGGED — 'ash' is secure, 'elm' is the usual but not certain reading of Embla, and the story says probably"
C-287,13,China,Pangu was produced by the yin and the yang and set the task of giving form to Chaos and making the heavens and the earth,SECONDARY SCHOLARSHIP,HIGH,Werner 1922,ch. III,Werner summarises; no primary wording is available in the source
C-288,13,China,"'P'an' means the shell of an egg and 'Ku' means to secure or solid, referring to his being hatched from Chaos",SECONDARY SCHOLARSHIP,MEDIUM,Werner 1922,ch. III,Werner himself notes the characters may mean nothing more than 'Researches into antiquity'
C-289,13,China,"He is pictured in bearskin or leaves, with two horns, holding hammer and chisel, sometimes attended by unicorn, phoenix, tortoise and dragon, sometimes holding sun and moon",SECONDARY SCHOLARSHIP,HIGH,Werner 1922,ch. III,
C-290,13,China,"His task took eighteen thousand years, during which he grew six feet taller each day",SECONDARY SCHOLARSHIP,HIGH,Werner 1922,ch. III,
C-291,13,China,He died that his works might live,SECONDARY SCHOLARSHIP,HIGH,Werner 1922,ch. III,"Werner's English; flagged in the source note as his phrasing, not a translated quotation"
C-292,13,China,"His head became the mountains, breath the wind and clouds, voice the thunder, limbs the four quarters, blood the rivers, flesh the soil, beard the constellations, skin and hair the herbs and trees, teeth bones and marrow the metals rocks and precious stones, sweat the rain",SECONDARY SCHOLARSHIP,HIGH,Werner 1922,ch. III,
C-293,13,China,The insects creeping over his body became human beings,SECONDARY SCHOLARSHIP,HIGH,Werner 1922,ch. III,
C-294,13,China,Werner compares this to the tears of Khepera in Egyptian cosmology and calls it a lowlier origin,SECONDARY SCHOLARSHIP,HIGH,Werner 1922,ch. III,
C-295,13,China,The account is of Taoist origin and the Buddhist version is a late adaptation from it,SECONDARY SCHOLARSHIP,HIGH,Werner 1922,ch. III,
C-296,13,China,"The sun and moon hid in the Han Sea; Terrestrial Time was sent and they refused; Pangu, directed by Ju Lai, wrote the characters for sun and moon on his palms and called them out with a charm said seven times",SECONDARY SCHOLARSHIP,HIGH,Werner 1922,ch. III,Werner identifies this as the Buddhist adaptation; the story says so
C-297,13,China,"Other versions give Pangu a dragon's head and serpent's body, or have him make wind by breathing, day by opening his eyes and thunder with his voice",SECONDARY SCHOLARSHIP,HIGH,Werner 1922,ch. III,
C-298,13,China,"Werner attributes the invention of the myth to the fourth-century Taoist Ko Hung (Ge Hong), author of the Shen hsien chuan",SECONDARY SCHOLARSHIP,HIGH,Werner 1922,ch. III,Reported as Werner's attribution and corrected in the historical context
C-299,13,China,"The earliest surviving account of Pangu is usually credited to Xu Zheng, third century CE, in the lost Sanwu liji, which survives only in later quotations",SECONDARY SCHOLARSHIP,HIGH,standard sinology,—,
C-300,13,China,A long-standing suggestion is that Pangu entered the written Chinese tradition from non-Han southern myth; the question is unsettled,SECONDARY SCHOLARSHIP,MEDIUM,standard sinology,—,FLAGGED — the book records the debate and does not adjudicate it
C-301,13,China,"The cosmogonies of the I Ching, Laozi, Confucius, Guanzi, Mencius and Zhuangzi are impersonal, and Chinese thought had no personal creator for centuries before Pangu",SECONDARY SCHOLARSHIP,HIGH,Werner 1922; standard sinology,ch. III,
C-302,13,China,"Nüwa, serpent-bodied and human-headed, moulded human beings from yellow earth and is described as the repairer rather than the creator of the heavens",PRIMARY SOURCE,HIGH,"Werner 1922, quoting Sima Zhen",ch. III,This is the one passage in the chapter where Werner quotes a named primary author
C-303,13,China,"Gong Gong struck the Imperfect Mountain, breaking the pillars of heaven; Nüwa melted five-coloured stones to patch the sky, cut off a tortoise's feet to prop the four corners, and stopped the flood with reed ashes",PRIMARY SOURCE,HIGH,"Werner 1922, quoting Sima Zhen",ch. III,
C-304,13,China,Werner himself compares Pangu with Ymir and adapts a stanza of the Vǫluspá to do so,PRIMARY SOURCE,HIGH,Werner 1922,ch. III,
C-305,13,China,"Werner speculates that the Chinese may have brought the elements of a cosmogony from Babylon, which is period diffusionism",SECONDARY SCHOLARSHIP,HIGH,Werner 1922,ch. III,Reported and explicitly not adopted
C-306,13,China,Pangu is the only figure in the book who is both the worker and the material of creation,EDITORIAL INTERPRETATION,—,—,—,MARKED IN TEXT — the story's comparative reading
C-307,13,China,Pangu does not hold the sky up but becomes the distance between sky and ground,EDITORIAL INTERPRETATION,—,—,—,MARKED IN TEXT
C-308,13,China,This is the only account in the book in which human beings are neither made nor intended,EDITORIAL INTERPRETATION,—,—,—,MARKED IN TEXT
C-309,14,Vedic India,"Puruṣa has a thousand heads, eyes and feet, covers the earth on every side, and extends ten fingers' breadth beyond it",PRIMARY SOURCE,HIGH,"Griffith, RV X.90.1",verse 1,
C-310,14,Vedic India,"Griffith glosses 'a thousand' as innumerable and Puruṣa as embodied spirit or Man personified, one with all created life",SECONDARY SCHOLARSHIP,HIGH,Griffith's note,note to verse 1,
C-311,14,Vedic India,"Puruṣa is all that has been and all that is to be, and lord of immortality",PRIMARY SOURCE,HIGH,"Griffith, RV X.90.2",verse 2,The second line is disputed; Griffith prints seven competing renderings and the story does not choose
C-312,14,Vedic India,All creatures are one-fourth of him and three-fourths are eternal life in heaven,PRIMARY SOURCE,HIGH,"Griffith, RV X.90.3",verse 3,
C-313,14,Vedic India,"With three-fourths he went up and one-fourth remained here, striding over what eats not and what eats",PRIMARY SOURCE,HIGH,"Griffith, RV X.90.4",verse 4,
C-314,14,Vedic India,From Puruṣa was born Virāj and from Virāj Puruṣa was born again,PRIMARY SOURCE,HIGH,"Griffith, RV X.90.5",verse 5,FLAGGED — Griffith reports one tradition making Virāj the mundane egg animated by the primeval Puruṣa and another making Virāj his female counterpart; both are reported and neither adopted
C-315,14,Vedic India,"The gods prepared a sacrifice with Puruṣa as the offering, its oil spring, its gift autumn, its wood summer",PRIMARY SOURCE,HIGH,"Griffith, RV X.90.6",verse 6,
C-316,14,Vedic India,"Sāyaṇa reads the sacrifice as mānasam yajñam, a mental or imaginary sacrifice",SECONDARY SCHOLARSHIP,HIGH,Griffith's note,note to verse 6,
C-317,14,Vedic India,"He was anointed as victim on the sacred grass, and the deities, Sādhyas and ṛṣis sacrificed with him",PRIMARY SOURCE,HIGH,"Griffith, RV X.90.7",verse 7,
C-318,14,Vedic India,From the dripping fat were formed the creatures of the air and the animals wild and tame,PRIMARY SOURCE,HIGH,"Griffith, RV X.90.8",verse 8,
C-319,14,Vedic India,"From the sacrifice were born the Ṛcas, the Sāman hymns, the metres and the Yajus",PRIMARY SOURCE,HIGH,"Griffith, RV X.90.9",verse 9,
C-320,14,Vedic India,"From it were born horses, all creatures with two rows of teeth, cattle, goats and sheep",PRIMARY SOURCE,HIGH,"Griffith, RV X.90.10",verse 10,
C-321,14,Vedic India,"The hymn asks how many portions they made of Puruṣa and what they call his mouth, arms, thighs and feet",PRIMARY SOURCE,HIGH,"Griffith, RV X.90.11",verse 11,
C-322,14,Vedic India,"The Brahman was his mouth, the Rājanya was made of his arms, his thighs became the Vaiśya and from his feet the Śūdra was produced",PRIMARY SOURCE,HIGH,"Griffith, RV X.90.12",verse 12,
C-323,14,Vedic India,Griffith states this is the only passage in the Ṛgveda which enumerates the four castes,SECONDARY SCHOLARSHIP,HIGH,Griffith's note,note to verse 12,
C-324,14,Vedic India,"Griffith explains each caste's derivation by the function of the body part, the Śūdra from the feet because on his toil all ultimately rests",SECONDARY SCHOLARSHIP,HIGH,Griffith's note,note to verse 12,Quoted as Griffith's Victorian interpretation and explicitly not endorsed
C-325,14,Vedic India,"The moon came from his mind, the sun from his eye, Indra and Agni from his mouth and Vāyu from his breath",PRIMARY SOURCE,HIGH,"Griffith, RV X.90.13",verse 13,
C-326,14,Vedic India,"Mid-air came from his navel, sky from his head, earth from his feet, the regions from his ear",PRIMARY SOURCE,HIGH,"Griffith, RV X.90.14",verse 14,
C-327,14,Vedic India,Seven fencing-logs and thrice seven layers of fuel were prepared when the gods bound Puruṣa as their victim,PRIMARY SOURCE,HIGH,"Griffith, RV X.90.15",verse 15,
C-328,14,Vedic India,"The closing verse says that the gods sacrificing sacrificed the victim, and that these were the earliest holy ordinances",PRIMARY SOURCE,HIGH,"Griffith, RV X.90.16",verse 16,
C-329,14,Vedic India,Griffith judges the hymn of comparatively recent origin and an attempt to harmonise the ideas of sacrifice and creation,SECONDARY SCHOLARSHIP,HIGH,Griffith's closing note,note to hymn XC,
C-330,14,Vedic India,"The tenth maṇḍala is generally agreed to be the youngest layer of the Ṛgveda, and contains the Nāsadīya, the Hiraṇyagarbha hymn and the riddle hymns as well as this one",SECONDARY SCHOLARSHIP,HIGH,standard Indology,—,
C-331,14,Vedic India,"India abolished untouchability by constitutional article in 1950, under a constitution drafted by B. R. Ambedkar, who was born into that exclusion and wrote against the authority of such texts",SECONDARY SCHOLARSHIP,HIGH,standard history,—,
C-332,14,Vedic India,The Puruṣa Sūkta remains in liturgical use in temple worship today,SECONDARY SCHOLARSHIP,HIGH,standard reference,—,
C-333,14,Vedic India,"Verse 12 says nothing about descent, endogamy, purity or exclusion; it supplies four ranked categories with a shared bodily origin in scripture",EDITORIAL INTERPRETATION,—,—,—,MARKED IN TEXT — offered as a reading of what the verse does and does not contain
C-334,14,Vedic India,"Puruṣa is the only body in the book that is offered rather than killed, and the dismemberment is accordingly a liturgy rather than an inventory",EDITORIAL INTERPRETATION,—,—,—,MARKED IN TEXT — the story's comparative reading
C-335,14,Vedic India,This is the only cosmogony in the book that produces literature among the physical furniture of the universe,EDITORIAL INTERPRETATION,—,—,—,MARKED IN TEXT
C-336,14,Vedic India,This is the only cosmogony in the book that explains the structure of society by the same mechanism as the structure of the world,EDITORIAL INTERPRETATION,—,—,—,MARKED IN TEXT
C-337,15,Zoroastrian Iran,The primeval ox fell to the right hand when it passed away and Gayōmard afterwards to the left,PRIMARY SOURCE,HIGH,"West, Bundahishn IV.1","SBE V, p. 20",
C-338,15,Zoroastrian Iran,"The ox is 'the sole-created ox' from whom all animals and some plants proceeded, as mankind proceeded from Gayōmard",SECONDARY SCHOLARSHIP,HIGH,West's note,"SBE V, p. 20 n.1",
C-339,15,Zoroastrian Iran,"Gōshurvan, the soul of the ox, came out of the body, stood before it and cried as much as a thousand men crying at once",PRIMARY SOURCE,HIGH,"West, Bundahishn IV.2","SBE V, p. 20",
C-340,15,Zoroastrian Iran,"She asked with whom the guardianship of the creatures was left, and where was the man promised to preach carefulness",PRIMARY SOURCE,HIGH,"West, Bundahishn IV.2","SBE V, p. 20",
C-341,15,Zoroastrian Iran,"Ohrmazd answered that if it were proper to produce that man at this time, the evil spirit would not have been oppressive in the earth",PRIMARY SOURCE,HIGH,"West, Bundahishn IV.3","SBE V, p. 20",
C-342,15,Zoroastrian Iran,"She went to the star station, the moon station and the sun station crying, and at the sun the guardian spirit of Zarathustra was shown to her, after which she consented to nourish the creatures",PRIMARY SOURCE,HIGH,"West, Bundahishn IV.4-5","SBE V, p. 21",
C-343,15,Zoroastrian Iran,"The complaint of Gōshurvan is recorded in the Gāthās, the oldest part of the Avesta, at Yasna 29",SECONDARY SCHOLARSHIP,HIGH,West's note,"SBE V, p. 20 n.2",
C-344,15,Zoroastrian Iran,The gender of the ox is doubtful; West notes the angel Gōsh is usually considered female and that Zādsparam describes the animal as female,SECONDARY SCHOLARSHIP,MEDIUM,West's note,"SBE V, p. 21 n.1",FLAGGED in the source note; the retelling follows West's feminine pronouns and says the point is unsettled
C-345,15,Zoroastrian Iran,Fifty-five species of grain and twelve species of medicinal plants grew from where the ox's marrow came out,PRIMARY SOURCE,MEDIUM,"West, Bundahishn X.1 and XIV.1","SBE V, pp. 31, 45",Manuscript K20 gives fifteen medicinal species at XIV.1; the majority reading of twelve is used and the variant recorded
C-346,15,Zoroastrian Iran,"Peas came from the horns, the leek from the nose, the grapevine from the blood, rue-like herbs from the lungs and thyme from the heart for keeping away stench",PRIMARY SOURCE,HIGH,"West, Bundahishn XIV.2","SBE V, p. 46",
C-347,15,Zoroastrian Iran,The text explains that wine abounds with blood because the vine came from the ox's blood,PRIMARY SOURCE,HIGH,"West, Bundahishn XIV.2","SBE V, p. 46",
C-348,15,Zoroastrian Iran,The ox's seed was purified at the moon station and produced two oxen and then two hundred and eighty-two species of each kind,PRIMARY SOURCE,MEDIUM,"West, Bundahishn X.2-3 and XIV.3-4","SBE V, pp. 32, 46",K20 has 272; the majority reading of 282 is used and the variant recorded
C-349,15,Zoroastrian Iran,"The animals went a thousand days and nights without eating, then drank water and afterwards ate herbage",PRIMARY SOURCE,HIGH,"West, Bundahishn XIV.5","SBE V, p. 46",
C-350,15,Zoroastrian Iran,"Eight metallic minerals arose from Gayōmard's members — gold, silver, iron, brass, tin, lead, quicksilver and adamant — and gold is produced from the life and seed",PRIMARY SOURCE,HIGH,"West, Selections of Zādsparam X.2","SBE V, p. 183",
C-351,15,Zoroastrian Iran,Spandarmad received the gold of the dead Gayōmard and it was forty years in the earth,PRIMARY SOURCE,HIGH,"West, Selections of Zādsparam X.3; Bundahishn XV.1-2","SBE V, pp. 183, 53",
C-352,15,Zoroastrian Iran,"After forty years Mashya and Mashyoi grew from the earth in the shape of a one-stemmed rivās plant with fifteen leaves over fifteen years, joined together with arms behind their shoulders",PRIMARY SOURCE,HIGH,"West, Bundahishn XV.2","SBE V, p. 53",
C-353,15,Zoroastrian Iran,Their waists were so connected that it was not clear which was male and which female,PRIMARY SOURCE,HIGH,"West, Bundahishn XV.3","SBE V, p. 53",
C-354,15,Zoroastrian Iran,The rivās is a rhubarb-like plant whose shoots supply an acid juice used by the Persians for preserves and drinks,SECONDARY SCHOLARSHIP,HIGH,West's note,"SBE V, p. 53 n.3",
C-355,15,Zoroastrian Iran,"The text asks whether soul or body is created first and answers that the soul is created before and the body after, because the body is created only for activity",PRIMARY SOURCE,HIGH,"West, Bundahishn XV.4","SBE V, pp. 53-54",
C-356,15,Zoroastrian Iran,They changed from the shape of a plant into the shape of man and the breath went spiritually into them as the soul,PRIMARY SOURCE,HIGH,"West, Bundahishn XV.5","SBE V, p. 54",
C-357,15,Zoroastrian Iran,"Ohrmazd charged them: you are man, you are the ancestry of the world, think good thoughts, speak good words, do good deeds, and worship no demons",PRIMARY SOURCE,HIGH,"West, Bundahishn XV.6","SBE V, p. 54",
C-358,15,Zoroastrian Iran,"Their first deed was to wash themselves and their first words were that Ohrmazd created the water, earth, plants, animals, stars, moon and sun",PRIMARY SOURCE,HIGH,"West, Bundahishn XV.7","SBE V, p. 54",West notes the Pahlavi phrase for the first deed is ambiguous and may mean that they feasted or made water; the retelling follows his primary rendering
C-359,15,Zoroastrian Iran,"Antagonism corrupted their minds and they exclaimed that the evil spirit created the water, earth, plants and animals; through that false speech they became wicked and their souls are in hell until the future existence",PRIMARY SOURCE,HIGH,"West, Bundahishn XV.8-9","SBE V, pp. 54-55",
C-360,15,Zoroastrian Iran,"They went thirty days without food, clothed in herbage, then found a white-haired goat and drank its milk with their mouths",PRIMARY SOURCE,HIGH,"West, Bundahishn XV.10","SBE V, p. 55",
C-361,15,Zoroastrian Iran,"Mashya's second false speech about his delight enhanced the demons' power, and the taste of food was taken away so that one part in a hundred remained",PRIMARY SOURCE,HIGH,"West, Bundahishn XV.11-12","SBE V, p. 55",
C-362,15,Zoroastrian Iran,"The Bundahishn is written as systematic reference knowledge with numbered answers, in the register of a priesthood recording what it still held",EDITORIAL INTERPRETATION,—,—,—,MARKED IN TEXT — offered as a reading of the book's form
C-363,15,Zoroastrian Iran,"In a strict dualism the worst available act is misattribution, because it credits the enemy with a creation he cannot make",EDITORIAL INTERPRETATION,—,—,—,MARKED IN TEXT
C-364,15,Zoroastrian Iran,"Iran alone in this book presents world-from-a-body as loss rather than as liturgy, inventory or completion, and alone lets the victim speak",EDITORIAL INTERPRETATION,—,—,—,MARKED IN TEXT — the story's comparative reading
C-365,16,Aztec · Mexica,"Tonacatecuhtli and Tonacacihuatl dwelt from the beginning in the thirteenth heaven and bore four gods: Camaxtli, Tezcatlipoca, Quetzalcoatl and Huitzilopochtli, the last born without flesh, a skeleton",PRIMARY SOURCE,HIGH,"Alexander 1920, from the Historia de los Mexicanos por sus pinturas",pp. 91-92,"Primary in the sense of a sixteenth-century document reporting pre-conquest tradition, reached through Alexander"
C-366,16,Aztec · Mexica,"The four gods lived in idleness six hundred years, during which time was not reckoned because Huitzilopochtli was in his bones",PRIMARY SOURCE,HIGH,Alexander 1920,p. 92,
C-367,16,Aztec · Mexica,"They created first the fire, the hearth of the universe, and afterward a half-sun",PRIMARY SOURCE,HIGH,Alexander 1920,p. 92,
C-368,16,Aztec · Mexica,"They formed Oxomoco and Cipactonal, commanding him to till and her to spin and weave, and giving her powers of divination and grains of maize for curing",PRIMARY SOURCE,HIGH,Alexander 1920,p. 92,
C-369,16,Aztec · Mexica,"They divided time into days and inaugurated a year of eighteen twenty-day periods, three hundred and sixty days",PRIMARY SOURCE,HIGH,Alexander 1920,p. 92,
C-370,16,Aztec · Mexica,"They created Mictlantecuhtli and Mictlancihuatl as Lord and Lady of hell, the heavens below the thirteenth, the sea, and in the sea the monster Cipactli from which they shaped the earth",PRIMARY SOURCE,HIGH,Alexander 1920,pp. 92-93,
C-371,16,Aztec · Mexica,Tlaloc and Chalchiuhtlicue were created with dominion over the Quarters,PRIMARY SOURCE,HIGH,Alexander 1920,p. 93,
C-372,16,Aztec · Mexica,The son of the first pair married a woman formed from a hair of the goddess Xochiquetzal,PRIMARY SOURCE,HIGH,Alexander 1920,p. 93,
C-373,16,Aztec · Mexica,"A second half-sun was resolved on and Tezcatlipoca became the sun-bearer; what crosses the daily heavens is not the sun itself but only its brightness, the true sun being invisible",PRIMARY SOURCE,HIGH,Alexander 1920,p. 93,
C-374,16,Aztec · Mexica,"The first Sun's people were giants who uprooted trees by brute force and ate acorns, and it lasted thirteen times fifty-two years",PRIMARY SOURCE,HIGH,Alexander 1920,p. 93,
C-375,16,Aztec · Mexica,Time began to be counted from the first Sun,PRIMARY SOURCE,HIGH,Alexander 1920,p. 93,
C-376,16,Aztec · Mexica,"Quetzalcoatl struck down Tezcatlipoca and became Sun; Tezcatlipoca became a jaguar identified with Ursa Major, wheeling into the waters, and devoured the giants",PRIMARY SOURCE,HIGH,Alexander 1920,p. 93,
C-377,16,Aztec · Mexica,After another six hundred and seventy-six years Quetzalcoatl was treated by his brothers as he had treated Tezcatlipoca; a great wind carried away most people or turned them into monkeys,PRIMARY SOURCE,HIGH,Alexander 1920,p. 93,
C-378,16,Aztec · Mexica,Tlaloc was Sun for seven times fifty-two years until Quetzalcoatl rained fire from heaven,PRIMARY SOURCE,HIGH,Alexander 1920,p. 93,
C-379,16,Aztec · Mexica,"Chalchiuhtlicue was made Sun in her husband's place for six times fifty-two years, and in those days maize began to be used",PRIMARY SOURCE,HIGH,Alexander 1920,p. 93,
C-380,16,Aztec · Mexica,"In the year 2,628 from the birth of the gods it rained so heavily that the heavens fell and the people were transformed into fish",PRIMARY SOURCE,HIGH,Alexander 1920,p. 93,
C-381,16,Aztec · Mexica,"Four men were created, and with their aid Tezcatlipoca and Quetzalcoatl upreared the heavens again and became lords of the heavens and stars",PRIMARY SOURCE,HIGH,Alexander 1920,p. 93,
C-382,16,Aztec · Mexica,After the restoration Tezcatlipoca discovered the making of fire from sticks and from the heart of flint,PRIMARY SOURCE,HIGH,Alexander 1920,p. 93,
C-383,16,Aztec · Mexica,"Piltzintecuhtli and his wife did not perish in the flood because they were divine, and the gods created other people as before",PRIMARY SOURCE,HIGH,Alexander 1920,p. 93,
C-384,16,Aztec · Mexica,"Quetzalcoatl cast his own son by Chalchiuhtlicue into a great fire and he issued as the Sun; Tlaloc hurled his son into the cinders and thence rose the Moon, ever following after the Sun",PRIMARY SOURCE,HIGH,Alexander 1920,p. 93,
C-385,16,Aztec · Mexica,"The gods said this Sun should eat hearts and drink blood, and established wars so that there might be sacrifices of captives to nourish the orbs of light",PRIMARY SOURCE,HIGH,Alexander 1920,p. 93,
C-386,16,Aztec · Mexica,Alexander gives five incompatible orderings of the Suns and states that no single account preserves the whole,SECONDARY SCHOLARSHIP,HIGH,Alexander 1920,"pp. 85, 91-94",
C-387,16,Aztec · Mexica,Most authorities take four past Suns and a fifth present one to be the orthodox Mexican form,SECONDARY SCHOLARSHIP,HIGH,Alexander 1920,p. 94,
C-388,16,Aztec · Mexica,"Mexica painted books were destroyed twice, by Itzcoatl in the fifteenth century and systematically by the Spanish after 1521",SECONDARY SCHOLARSHIP,HIGH,standard history,—,
C-389,16,Aztec · Mexica,The Historia de los Mexicanos por sus pinturas is an anonymous Spanish text of about 1543 thought to derive from friars questioning Nahua informants and reading painted books with them,SECONDARY SCHOLARSHIP,MEDIUM,standard scholarship,—,FLAGGED — the date and the manner of compilation are the usual account but the document is anonymous
C-390,16,Aztec · Mexica,Ixtlilxochitl was a Christianised nobleman of Texcoco descended from its royal line; Sahagún was a Franciscan whose compilation was suppressed by his own church,SECONDARY SCHOLARSHIP,HIGH,standard history,—,
C-391,16,Aztec · Mexica,"Mexica human sacrifice is independently attested archaeologically, while Spanish accounts had an interest in emphasising it and some of their figures are not credible",SECONDARY SCHOLARSHIP,HIGH,standard scholarship,—,"The book prints what the source says, notes the attestation, and does not adopt the conquerors' scale"
C-392,16,Aztec · Mexica,"Fifty-two years is the Mexica calendar round, the interval at which the 260-day and 365-day counts realign, marked by extinguishing and relighting fires; every Sun's length in this account is a multiple of it",SECONDARY SCHOLARSHIP,HIGH,standard Mesoamerican scholarship; the figures are Alexander's,p. 93,
C-393,16,Aztec · Mexica,This is the only cosmogony in the book in which creation is iterated and the failed drafts are recorded with their dates,EDITORIAL INTERPRETATION,—,—,—,MARKED IN TEXT — the story's comparative reading
C-394,16,Aztec · Mexica,"The Suns end by fratricide rather than by exhaustion, making the history of the universe a sequence of coups",EDITORIAL INTERPRETATION,—,—,—,MARKED IN TEXT
C-395,16,Aztec · Mexica,This is the only cosmogony in the book that ends by establishing a permanent obligation on the living,EDITORIAL INTERPRETATION,—,—,—,MARKED IN TEXT
C-396,17,Japan,"Heaven and Earth were not yet separated and the In and Yō not yet divided, forming a chaotic mass like an egg of obscurely defined limits containing germs",PRIMARY SOURCE,HIGH,"Aston, Nihongi I","Book I, opening",
C-397,17,Japan,The purer and clearer part was thinly drawn out and formed Heaven while the heavier and grosser element settled and became Earth,PRIMARY SOURCE,HIGH,"Aston, Nihongi I",Book I,
C-398,17,Japan,"The finer element united easily but the consolidation of the heavy and gross element was accomplished with difficulty, so heaven was formed first",PRIMARY SOURCE,HIGH,"Aston, Nihongi I",Book I,
C-399,17,Japan,The soil of which lands were composed floated about like a fish sporting on the surface of the water,PRIMARY SOURCE,HIGH,"Aston, Nihongi I",Book I,
C-400,17,Japan,A thing in form like a reed-shoot was produced between Heaven and Earth and became the god Kuni-toko-tachi,PRIMARY SOURCE,HIGH,"Aston, Nihongi I",Book I,
C-401,17,Japan,"Motoori Norinaga and Hirata Atsutane judged the opening sentences a Chinese rationalistic essay awkwardly prefixed to genuine Japanese tradition, and Hirata named two Chinese works as sources",SECONDARY SCHOLARSHIP,HIGH,Aston's footnote,Book I n.1,
C-402,17,Japan,Motoori pointed out that the connecting word 'hence' has no meaning where it stands and was inserted to disguise the join,SECONDARY SCHOLARSHIP,HIGH,Aston's footnote,Book I n.3,
C-403,17,Japan,"The Nihongi prints alternative accounts of the beginning in its main text, each introduced 'In one writing it is said'",PRIMARY SOURCE,HIGH,"Aston, Nihongi I",Book I,
C-404,17,Japan,The variants include a thing in the Void whose shape may not be described; a young land floating like oil with a reed-shoot; Ame-no-minaka-nushi and the two Musubi in the Plain of High Heaven; a cloud over the sea with no place of attachment for its root; and floating oil in the Void,PRIMARY SOURCE,HIGH,"Aston, Nihongi I",Book I,
C-405,17,Japan,Aston judges the variant quotations a somewhat later addition indicating a large body of written literature on the subject,SECONDARY SCHOLARSHIP,HIGH,Aston's footnote,Book I n.2,
C-406,17,Japan,Aston appends the Kiujiki genealogy remarking that it will further exemplify the confusion of these traditions,SECONDARY SCHOLARSHIP,HIGH,Aston's note,Book I,
C-407,17,Japan,"The paired generations include Uhiji-ni and Suhiji-ni, Oho-to-nochi and Oho-to-mahe, and Omo-taru and Kashiko-ne, with Izanagi and Izanami the seventh generation",PRIMARY SOURCE,HIGH,"Aston, Nihongi I",Book I,
C-408,17,Japan,"Aston glosses Uhiji-ni and Suhiji-ni as mud-earth and sand-earth, Omo-taru as face-pleasing and Kashiko as awful, and Izanagi and Izanami as male-who-invites and female-who-invites",SECONDARY SCHOLARSHIP,MEDIUM,Aston's footnotes,Book I,FLAGGED — Aston calls several of these doubtful or obscure and suspects the Izanagi/Izanami reading may be folk etymology
C-409,17,Japan,They thrust down the jewel-spear of Heaven and groping about with it found the ocean,PRIMARY SOURCE,HIGH,"Aston, Nihongi I",Book I,
C-410,17,Japan,The brine dripping from the point of the spear coagulated and became the island Onogoro,PRIMARY SOURCE,HIGH,"Aston, Nihongi I",Book I,
C-411,17,Japan,"They descended, wished to become husband and wife and to produce countries, and made Onogoro the pillar of the centre of the land",PRIMARY SOURCE,HIGH,"Aston, Nihongi I",Book I,
C-412,17,Japan,"The male deity went round the pillar by the left and the female by the right, and on meeting the female spoke first: 'How delightful! I have met with a lovely youth'",PRIMARY SOURCE,HIGH,"Aston, Nihongi I",Book I,
C-413,17,Japan,"The male deity was displeased, said that as a man he should by right have spoken first, called it unlucky, and required them to go round again",PRIMARY SOURCE,HIGH,"Aston, Nihongi I",Book I,
C-414,17,Japan,They exchanged statements about the source-place of femininity and masculinity in their bodies and were united as husband and wife,PRIMARY SOURCE,HIGH,"Aston, Nihongi I",Book I,
C-415,17,Japan,"The island of Ahaji was reckoned as the placenta and their minds took no pleasure in it, whence its name",PRIMARY SOURCE,HIGH,"Aston, Nihongi I",Book I,
C-416,17,Japan,Aston notes Ahaji may be read as 'the island which will not meet' or as 'my shame',SECONDARY SCHOLARSHIP,HIGH,Aston's footnote,Book I,
C-417,17,Japan,"They then produced Oho-yamato, Iyo-no-futana, Tsukushi, Oki and Sado",PRIMARY SOURCE,HIGH,"Aston, Nihongi I",Book I,
C-418,17,Japan,"The Nihon Shoki was completed in 720 by imperial order, is the second-oldest surviving Japanese book after the Kojiki of 712, and is written in classical Chinese in the form of a Chinese dynastic chronicle",SECONDARY SCHOLARSHIP,HIGH,standard Japanese history,—,
C-419,17,Japan,Book I runs from the separation of heaven and earth through the generations of gods to Amaterasu and thence to the imperial line,PRIMARY SOURCE,HIGH,the chronicle's own structure,Books I-II,
C-420,17,Japan,"Motoori spent more than thirty years on a commentary on the Kojiki, and the Kokugaku movement preferred the Kojiki partly because it is less Chinese",SECONDARY SCHOLARSHIP,HIGH,standard Japanese intellectual history,—,
C-421,17,Japan,In the late nineteenth and twentieth centuries the imperial descent set out in these chapters was made the basis of a state ideology taught as history in Japanese schools,SECONDARY SCHOLARSHIP,HIGH,standard history,—,
C-422,17,Japan,"This is the only cosmogony in the book that separates its elements by density, with no maker and no violence",EDITORIAL INTERPRETATION,—,—,—,MARKED IN TEXT — the story's comparative reading
C-423,17,Japan,The Nihongi is the only source in this book that prints its variant beginnings unreconciled in the main text rather than in notes or appendices,EDITORIAL INTERPRETATION,—,—,—,MARKED IN TEXT
C-424,17,Japan,Japan and Iran independently make the first failure a failure of speech order with a permanent diminishing consequence,EDITORIAL INTERPRETATION,—,—,—,"MARKED IN TEXT; the comparison is the book's, and no historical contact is claimed"
C-425,18,Orphic Greece,The Birds was produced at Athens in 414 BCE and its plot concerns two Athenians founding a city in the air to intercept sacrifices and starve the gods,PRIMARY SOURCE,HIGH,the play itself; standard classical scholarship,"the play, passim",
C-426,18,Orphic Greece,"The chorus addresses the audience as weak mortals, creatures of clay, whose life is but darkness, as unreal as a shadow",PRIMARY SOURCE,HIGH,"Birds, parabasis",ll. 685-687,
C-427,18,Orphic Greece,"They promise to teach the nature of the birds and the origin of the gods, the rivers, Erebos and Chaos, and say even Prodicus will envy the audience its knowledge",PRIMARY SOURCE,HIGH,"Birds, parabasis",ll. 688-692,
C-428,18,Orphic Greece,"At the beginning there was only Chaos, Night, dark Erebos and deep Tartarus, and Earth, the air and heaven had no existence",PRIMARY SOURCE,HIGH,"Birds, parabasis",ll. 693-694,
C-429,18,Orphic Greece,Black-winged Night laid a germless egg in the bosom of the infinite deeps of Erebos,PRIMARY SOURCE,HIGH,"Birds, parabasis",ll. 695-696,
C-430,18,Orphic Greece,"After the revolution of long ages Eros sprang from it with glittering golden wings, swift as the whirlwinds of the tempest",PRIMARY SOURCE,HIGH,"Birds, parabasis",ll. 696-697,
C-431,18,Orphic Greece,"Eros mated in deep Tartarus with dark Chaos, also winged, and hatched the race of birds, the first to see the light",PRIMARY SOURCE,HIGH,"Birds, parabasis",ll. 698-699,
C-432,18,Orphic Greece,"The Immortals did not exist until Eros had brought together all the ingredients of the world, from whose marriage Heaven, Ocean, Earth and the blessed gods arose",PRIMARY SOURCE,HIGH,"Birds, parabasis",ll. 700-702,
C-433,18,Orphic Greece,The birds conclude that their origin is much older than that of the dwellers in Olympus and that they are the offspring of Eros,PRIMARY SOURCE,HIGH,"Birds, parabasis",l. 703,
C-434,18,Orphic Greece,"They cite their wings and their assistance to lovers, and the winning over of reluctant youths by the gift of a quail, waterfowl, goose or cock",PRIMARY SOURCE,HIGH,"Birds, parabasis",ll. 704-707,
C-435,18,Orphic Greece,"They claim to mark the seasons: the crane's migration signalling sowing, the hanging up of the tiller and Orestes' tunic; the kite signalling spring and shearing; the swallow signalling the sale of winter clothing",PRIMARY SOURCE,HIGH,"Birds, parabasis",ll. 708-715,
C-436,18,Orphic Greece,"They offer themselves as Ammon, Delphi and Dodona — a replacement for the paid oracles",PRIMARY SOURCE,HIGH,"Birds, parabasis",ll. 716-722,
C-437,18,Orphic Greece,Hesiod's Theogony places Earth second among the primordials while this account denies Earth any existence at the beginning,PRIMARY SOURCE,HIGH,Theogony 116-122 against Birds 693-694,—,
C-438,18,Orphic Greece,"Aristophanes is the earliest surviving witness to a Greek cosmic egg, centuries earlier than Damascius and the other sources for Orphic theogony",SECONDARY SCHOLARSHIP,HIGH,standard classical scholarship,—,
C-439,18,Orphic Greece,How closely the parabasis tracks an actual Orphic poem is disputed,SECONDARY SCHOLARSHIP,HIGH,standard classical scholarship,—,FLAGGED — the source note states the dispute and does not settle it
C-440,18,Orphic Greece,"Night as the layer of the egg, the egg's germlessness, and a winged golden Eros emerging recur in later Orphic material",SECONDARY SCHOLARSHIP,MEDIUM,standard classical scholarship,—,
C-441,18,Orphic Greece,"Orphism was initiatory, possessed books attributed to Orpheus, and concerned the soul and its fate after death",SECONDARY SCHOLARSHIP,HIGH,standard classical scholarship,—,
C-442,18,Orphic Greece,"Plato refers to people going door to door with books of Orpheus, and Orphic gold tablets have been found in graves from southern Italy to Thessaly",SECONDARY SCHOLARSHIP,HIGH,"Plato, Republic 364e; archaeology",—,
C-443,18,Orphic Greece,"The play was produced during the Peloponnesian War, in the year after the Sicilian expedition sailed, following the mutilation of the herms and the recall and defection of Alcibiades, and it took second prize",SECONDARY SCHOLARSHIP,HIGH,standard classical history,—,
C-444,18,Orphic Greece,"A germless egg is a wind-egg, unfertilised, which by definition cannot hatch",SECONDARY SCHOLARSHIP,HIGH,the source's own word; standard usage,l. 695,
C-445,18,Orphic Greece,"A parody must resemble its target closely enough to be recognised, so the comedy is evidence that the doctrine was current in Athens in 414 BCE",EDITORIAL INTERPRETATION,—,—,—,"MARKED IN TEXT and in the source note; offered as reasoning, not as proof of the doctrine's content"
C-446,18,Orphic Greece,This is the only source in the book whose author was not attempting to preserve anything,EDITORIAL INTERPRETATION,—,—,—,MARKED IN TEXT
C-447,18,Orphic Greece,"Greek tradition held at least two incompatible cosmogonies, one of which was well enough known in Athens to be worth parodying",EDITORIAL INTERPRETATION,—,—,—,MARKED IN TEXT — the story's comparative reading
C-448,18,Orphic Greece,This is the only cosmogony in the book that begins with a specified impossibility rather than with something holding potential,EDITORIAL INTERPRETATION,—,—,—,MARKED IN TEXT
C-449,19,Vedic India,"Hiraṇyagarbha rose in the beginning, born only lord of all created beings, and fixed and holds up earth and heaven",PRIMARY SOURCE,HIGH,"Griffith, RV X.121.1",verse 1,
C-450,19,Vedic India,Nine of the hymn's ten verses end with the refrain 'What god shall we adore with our oblation?',PRIMARY SOURCE,HIGH,"Griffith, RV X.121",verses 1-9,
C-451,19,Vedic India,"Griffith glosses hiraṇyagarbha as literally 'the gold-germ', source of golden light, and quotes Wallis calling it the nearest approach in the Ṛgveda to the later conception of Brahmā",SECONDARY SCHOLARSHIP,HIGH,Griffith's note,note to verse 1,
C-452,19,Vedic India,"He gives vital breath, power and vigour, and all the gods acknowledge his commandments",PRIMARY SOURCE,HIGH,"Griffith, RV X.121.2",verse 2,
C-453,19,Vedic India,His shade is death and his lustre makes immortal,PRIMARY SOURCE,HIGH,"Griffith, RV X.121.2",verse 2,
C-454,19,Vedic India,"He is sole ruler of the moving world that breathes and slumbers, and lord of men and cattle — literally of biped and quadruped",PRIMARY SOURCE,HIGH,"Griffith, RV X.121.3 and his note",verse 3,
C-455,19,Vedic India,"The snow-covered mountains are his, men call sea and Rasā his possession, and 'his arms are these, his are these heavenly regions'",PRIMARY SOURCE,HIGH,"Griffith, RV X.121.4",verse 4,
C-456,19,Vedic India,Griffith glosses 'sea' here as air and Rasā as the mythical river of the firmament,SECONDARY SCHOLARSHIP,HIGH,Griffith's note,note to verse 4,
C-457,19,Vedic India,"By him the heavens are strong and earth steadfast, light's realm and the sky-vault supported, and the regions in mid-air measured",PRIMARY SOURCE,HIGH,"Griffith, RV X.121.5",verse 5,
C-458,19,Vedic India,"Two embattled armies, supported by his help, look to him trembling in spirit while the risen sun shines over them",PRIMARY SOURCE,HIGH,"Griffith, RV X.121.6",verse 6,
C-459,19,Vedic India,"When the mighty waters came containing the universal germ and producing Agni, the gods' one spirit sprang into being",PRIMARY SOURCE,HIGH,"Griffith, RV X.121.7",verse 7,Griffith notes that 'one' in the text gives two superfluous syllables and is suspicious
C-460,19,Vedic India,"He surveyed the floods containing productive force and generating Worship, and is the god of gods with none beside him",PRIMARY SOURCE,HIGH,"Griffith, RV X.121.8",verse 8,
C-461,19,Vedic India,"The ninth verse asks that he never harm us, naming him earth's begetter, the heavens' creator and the bringer-forth of the great and lucid waters",PRIMARY SOURCE,HIGH,"Griffith, RV X.121.9",verse 9,
C-462,19,Vedic India,"The tenth verse names Prajāpati, says none but he comprehends all created things, and asks for the heart's desire and store of riches",PRIMARY SOURCE,HIGH,"Griffith, RV X.121.10",verse 10,
C-463,19,Vedic India,"Verse 10 is almost certainly a later addition, differing in voice and supplying the name and a request for wealth",SECONDARY SCHOLARSHIP,HIGH,"standard Vedic scholarship; NOT stated by Griffith, who prints it without comment",—,FLAGGED IN THE SOURCE NOTE as scholarship rather than something the source says
C-464,19,Vedic India,"Ka, 'who', was applied as a name to Prajāpati and other gods from what Griffith calls a forced interpretation of the interrogative pronoun in the refrain",SECONDARY SCHOLARSHIP,HIGH,Griffith's headnote,headnote to hymn CXXI,
C-465,19,Vedic India,Some translators render the refrain not as a question but as 'Worship we Ka the god with our oblation',SECONDARY SCHOLARSHIP,HIGH,Griffith's note,note to verse 1,
C-466,19,Vedic India,"Vedic offerings were addressed to named gods in prescribed formulas, and most Ṛgvedic hymns declare their addressee",SECONDARY SCHOLARSHIP,HIGH,standard Indology,—,
C-467,19,Vedic India,"X.121, X.129 and X.90 all belong to the tenth and youngest book of the Ṛgveda",SECONDARY SCHOLARSHIP,HIGH,standard Indology,—,
C-468,19,Vedic India,The single unnamed power of this hymn anticipates the Upaniṣadic conception of Brahman,SECONDARY SCHOLARSHIP,HIGH,"Wallis, quoted by Griffith; standard Indology",note to verse 1,
C-469,19,Vedic India,"Garbha means womb, embryo or germ rather than egg; the literal golden egg belongs to later Brāhmaṇa literature and is not in this hymn",SECONDARY SCHOLARSHIP,HIGH,standard Indology,—,Stated in the source note because the story sits in the part called From an Egg
C-470,19,Vedic India,A hymn that refused nine times to name its god was later read so that the refusal itself became the god's name,EDITORIAL INTERPRETATION,—,—,—,MARKED IN TEXT; the underlying fact is Griffith's headnote
C-471,19,Vedic India,"The Nāsadīya doubts that anyone knows, while X.121 is certain of the being and withholds only the name",EDITORIAL INTERPRETATION,—,—,—,MARKED IN TEXT — the story's comparative reading
C-472,19,Vedic India,"This is the only account in the book in which death is neither punishment, damage nor mistake but the shadow cast by the same thing that confers immortality",EDITORIAL INTERPRETATION,—,—,—,MARKED IN TEXT
C-473,20,Polynesia · Society Islands,"The chant opens 'He existed. Taaroa was his name' and states there was no earth, no sky, no sea and no man",PRIMARY SOURCE,HIGH,Dixon 1916,p. 11,Primary in the sense of a recorded chant; no reciter is named in the source
C-474,20,Polynesia · Society Islands,"'Taaroa calls, but nothing answers'",PRIMARY SOURCE,HIGH,Dixon 1916,p. 11,
C-475,20,Polynesia · Society Islands,"'Existing alone, he became the universe'",PRIMARY SOURCE,HIGH,Dixon 1916,p. 11,
C-476,20,Polynesia · Society Islands,"The chant identifies Ta'aroa with the root and rocks, the sands, the light, the within, the germ, the support, endurance and wisdom",PRIMARY SOURCE,HIGH,Dixon 1916,pp. 11-12,
C-477,20,Polynesia · Society Islands,"He erected the land of Havai'i, great and sacred, as a body or shell for Ta'aroa",PRIMARY SOURCE,HIGH,Dixon 1916,p. 12,
C-478,20,Polynesia · Society Islands,"The chant turns to imperatives, summoning foundations, rocks and sands and commanding 'Press, press again'",PRIMARY SOURCE,HIGH,Dixon 1916,p. 12,
C-479,20,Polynesia · Society Islands,It reports in the present tense that 'They do not unite',PRIMARY SOURCE,HIGH,Dixon 1916,p. 12,
C-480,20,Polynesia · Society Islands,"It commands the seven heavens to be stretched out and ignorance, darkness, immobility and the period of messengers to cease, declaring 'It is the time of the speaker'",PRIMARY SOURCE,HIGH,Dixon 1916,p. 12,
C-481,20,Polynesia · Society Islands,"It closes with the foundations, rocks and sands completed, the heavens enclosing and raised, and the land of Havai'i finished in the depths",PRIMARY SOURCE,HIGH,Dixon 1916,p. 12,
C-482,20,Polynesia · Society Islands,"In a second version Ta'aroa's origin is not described and he embraces a rock, the imagined foundation of all things, which afterward brought forth the earth and sea",PRIMARY SOURCE,HIGH,Dixon 1916,p. 12,
C-483,20,Polynesia · Society Islands,"The heralds of day, the dark and light blue sky, solicited a soul for the inanimate universe and Ta'aroa replied 'It is done'",PRIMARY SOURCE,HIGH,Dixon 1916,p. 12,
C-484,20,Polynesia · Society Islands,"Ra'i-tubu the Sky-producer looked into the heavens, at the unformed mass and into the abyss, and each received the power to bring forth its own contents",PRIMARY SOURCE,HIGH,Dixon 1916,pp. 12-13,
C-485,20,Polynesia · Society Islands,"A Society Islands fragment states that in the beginning Ta'aroa existed in an egg, in darkness, from which he later burst forth",PRIMARY SOURCE,HIGH,Dixon 1916,p. 20,
C-486,20,Polynesia · Society Islands,"Dixon records the equivalence of Ta'aroa, Tanaoa, Tangaroa, Tangaloa and Kanaloa across Polynesia",SECONDARY SCHOLARSHIP,HIGH,Dixon 1916,p. 11,
C-487,20,Polynesia · Society Islands,"In the Society Islands and the Marquesas this deity is the origin of the universe and all the gods, while in New Zealand Tangaroa is one god among several with the sea as his sphere",SECONDARY SCHOLARSHIP,HIGH,Dixon 1916; standard Polynesian scholarship,pp. 10-11,
C-488,20,Polynesia · Society Islands,"Havai'i in the chant is the old name of Ra'iātea, not the Hawaiian Islands; the name recurs across Polynesia as Hawaiki, Havaiki and Savai'i",SECONDARY SCHOLARSHIP,HIGH,standard Polynesian scholarship; NOT noted by Dixon,—,FLAGGED IN THE SOURCE NOTE because the source prints 'Hawaii' without comment and the spelling invites confusion
C-489,20,Polynesia · Society Islands,Taputapuātea on Ra'iātea was the ceremonial centre of the Society group and of a wider Polynesian network,SECONDARY SCHOLARSHIP,HIGH,standard Polynesian scholarship,—,
C-490,20,Polynesia · Society Islands,The London Missionary Society landed in Tahiti in 1797 and within a generation the traditional religion had been dismantled under a Christianised monarchy,SECONDARY SCHOLARSHIP,HIGH,standard history,—,
C-491,20,Polynesia · Society Islands,"Tahitian cosmological material was recorded chiefly during and after that dismantling, largely by the people who helped bring it about",SECONDARY SCHOLARSHIP,HIGH,standard history,—,
C-492,20,Polynesia · Society Islands,Dixon names no reciter and no recorder for these chants and cites by footnote number to works not inspected for this edition,PRIMARY SOURCE,HIGH,Dixon 1916,pp. 11-13,
C-493,20,Polynesia · Society Islands,The world here is not what the god came out of but what he is inside; the shell is worn rather than discarded,EDITORIAL INTERPRETATION,—,—,—,MARKED IN TEXT — the story's comparative reading
C-494,20,Polynesia · Society Islands,Ta'aroa is a substance where Hiraṇyagarbha is a sovereign,EDITORIAL INTERPRETATION,—,—,—,MARKED IN TEXT
C-495,20,Polynesia · Society Islands,"This is the only text in the book that claims to be performing the creation at the moment of recitation, reporting both its failure and its completion",EDITORIAL INTERPRETATION,—,—,—,MARKED IN TEXT
C-496,21,Ancient Egypt · Memphis,Ptah was the master craftsman of the gods and his temple was at Memphis,SECONDARY SCHOLARSHIP,HIGH,Breasted 1912,p. 43,
C-497,21,Ancient Egypt · Memphis,"The Memphite ennead consisted of a primeval Ptah and eight emanations or manifestations of himself, and the use of an ennead betrays Heliopolitan influence",SECONDARY SCHOLARSHIP,HIGH,Breasted 1912,pp. 43-44,
C-498,21,Ancient Egypt · Memphis,"One member of the Memphite ennead is named Ptah the Great, with the appended explanation that he is the heart and tongue of the ennead",PRIMARY SOURCE,HIGH,"Breasted 1912, translating the stela",p. 44,
C-499,21,Ancient Egypt · Memphis,"That heart and tongue are identified with Atum, who accomplishes all things through them",PRIMARY SOURCE,HIGH,Breasted 1912,p. 44,
C-500,21,Ancient Egypt · Memphis,The Egyptians used 'heart' as the seat of the mind and possessed no word for mind,SECONDARY SCHOLARSHIP,HIGH,Breasted 1912,p. 44,
C-501,21,Ancient Egypt · Memphis,"From Ptah proceeded the power of mind and tongue, the controlling power in all gods, men, animals and reptiles",PRIMARY SOURCE,HIGH,"Breasted 1912, translating the stela",p. 44,Breasted flags the verb rendered 'thinking' as questionable
C-502,21,Ancient Egypt · Memphis,"When the eyes see, the ears hear and the nose breathes they transmit to the heart; the heart brings forth every issue and the tongue repeats the thought of the heart",PRIMARY SOURCE,HIGH,"Breasted 1912, translating the stela",pp. 44-45,
C-503,21,Ancient Egypt · Memphis,"He fashioned all gods, even Atum and his ennead, and every divine word came into existence by the thought of the heart and the commandment of the tongue",PRIMARY SOURCE,HIGH,"Breasted 1912, translating the stela",p. 45,Breasted notes heart and tongue share a gender in Egyptian so the pronoun may refer to either
C-504,21,Ancient Egypt · Memphis,"He made the kas and created the qualities, all food and offerings by this word, that which is loved and that which is hated, and gave life to the peaceful and death to the guilty",PRIMARY SOURCE,HIGH,"Breasted 1912, translating the stela",p. 45,
C-505,21,Ancient Egypt · Memphis,"The qualities are might, radiance, prosperity, victory, wealth, plenty, augustness, readiness, making, intelligence, adornment, stability, obedience and nourishment",SECONDARY SCHOLARSHIP,HIGH,"Breasted's footnote, following Brugsch",p. 45 n.2,
C-506,21,Ancient Egypt · Memphis,"He made every work and handicraft the hands make, the going of the feet and the movement of every limb, through the thought of the heart that came forth from the tongue",PRIMARY SOURCE,HIGH,"Breasted 1912, translating the stela",p. 45,
C-507,21,Ancient Egypt · Memphis,"Atum stated that Ptah-Tatenen is the fashioner of the gods from whom all things went forth, Thoth perceived his strength greater than all gods, and then Ptah was satisfied",PRIMARY SOURCE,HIGH,"Breasted 1912, translating the stela",p. 45,
C-508,21,Ancient Egypt · Memphis,"He made the cities, settled the nomes, installed the gods in their holy places and made likenesses of their bodies, and the gods then entered into bodies of every wood and every stone and every metal",PRIMARY SOURCE,HIGH,"Breasted 1912, translating the stela",p. 46,
C-509,21,Ancient Egypt · Memphis,He assembled the gods and their kas and told them to take possession of the storehouse of Ptah-Tatenen whence the Life of the Two Lands is furnished,PRIMARY SOURCE,HIGH,"Breasted 1912, translating the stela",p. 46,
C-510,21,Ancient Egypt · Memphis,"The document survives on British Museum Stela No. 797, acquired in 1805, which had previously been used as a nether millstone that abraded the inscription",SECONDARY SCHOLARSHIP,HIGH,Breasted's footnote,p. 46 n.1,
C-511,21,Ancient Egypt · Memphis,"Sharpe published an early copy and, because the signs face the end of the line, numbered the vertical lines backwards; Bryant and Read did the same in 1901; Breasted established the correct direction and published a facsimile",SECONDARY SCHOLARSHIP,HIGH,Breasted's footnote,p. 46 n.1,
C-512,21,Ancient Egypt · Memphis,"Breasted warns that the signs are very faint, that reading is excessively difficult in worn places, and that better light than a museum gallery would recover more",PRIMARY SOURCE,HIGH,"Breasted's footnote, quoting himself",p. 46 n.1,
C-513,21,Ancient Egypt · Memphis,Breasted dated the original papyrus behind the stone to at least the Eighteenth Dynasty and treated the theology as belonging to the Pyramid Age,SECONDARY SCHOLARSHIP,HIGH,Breasted 1912,"pp. 43, 46 n.1",Reported as his view and explicitly not adopted
C-514,21,Ancient Egypt · Memphis,"The stone was inscribed under Shabaka around 700 BCE, and whether the text it copies is genuinely Old Kingdom or an archaising composition of that period has been debated, with opinion moving toward the later date since 1912",SECONDARY SCHOLARSHIP,HIGH,modern Egyptology,—,
C-515,21,Ancient Egypt · Memphis,This is the oldest surviving statement that the world was made by thought and speech,EDITORIAL INTERPRETATION,—,—,—,"MARKED — qualified in the source note: the claim is about the idea as we have it, and the date of the underlying composition is disputed"
C-516,21,Ancient Egypt · Memphis,Breasted compares the document to Genesis 'And God said' and asks whether it is the primeval germ of the Alexandrian Logos doctrine,SECONDARY SCHOLARSHIP,HIGH,Breasted 1912,p. 47,Reported as his question and not answered by this book
C-517,21,Ancient Egypt · Memphis,Breasted states that the world Ptah brought forth was merely the Egyptian Nile valley and that the world-idea was not yet born,SECONDARY SCHOLARSHIP,HIGH,Breasted 1912,p. 47,
C-518,21,Ancient Egypt · Memphis,"The Memphite document absorbs the rival Heliopolitan creator rather than refuting him, which no other tradition in the book attempts",EDITORIAL INTERPRETATION,—,—,—,MARKED IN TEXT — the story's comparative reading
C-519,21,Ancient Egypt · Memphis,Babylon's word assigns function to what exists while the Memphite word brings into existence,EDITORIAL INTERPRETATION,—,—,—,MARKED IN TEXT
C-520,21,Ancient Egypt · Memphis,"This is the only cosmogony in the book explained by analogy with human cognition rather than with a craft, a birth or a fight",EDITORIAL INTERPRETATION,—,—,—,MARKED IN TEXT
C-521,22,K'iche' Maya,"The chapter opens by denying the existence of man, animal, bird, fish, wood, stone, bog, ravine, vegetation and marsh, leaving only the sky",PRIMARY SOURCE,MEDIUM,"Alexander 1920, Popol Vuh ch. 1",p. 160,Three translation steps from the K'iche'; flagged in the source note
C-522,22,K'iche' Maya,"Nothing was formed into a body, nothing joined to another thing, naught held itself poised, there was not a rustle nor a sound, and naught stood upright",PRIMARY SOURCE,MEDIUM,Alexander 1920,p. 160,
C-523,22,K'iche' Maya,"Alone were the Creator and Maker, Tepeu the Lord and Gucumatz the Plumed Serpent, upon the waters like a growing light",PRIMARY SOURCE,MEDIUM,Alexander 1920,pp. 160-161,
C-524,22,K'iche' Maya,"They are enveloped in green and azure, whence the name Gucumatz",PRIMARY SOURCE,MEDIUM,Alexander 1920,p. 161,
C-525,22,K'iche' Maya,The Heart of the Sky is named as God names himself,PRIMARY SOURCE,MEDIUM,Alexander 1920,p. 161,
C-526,22,K'iche' Maya,"The word came to Tepeu and Gucumatz in the shadows and the night and spoke with them, and they consulted and joined their words and counsels",PRIMARY SOURCE,MEDIUM,Alexander 1920,p. 161,
C-527,22,K'iche' Maya,Light came while they consulted together,PRIMARY SOURCE,MEDIUM,Alexander 1920,p. 161,
C-528,22,K'iche' Maya,"Hurakan's three signs are the Lightning, the Streak of Lightning and the Thunderbolt, and these three are the Heart of the Sky",PRIMARY SOURCE,MEDIUM,Alexander 1920,p. 161,
C-529,22,K'iche' Maya,"They held counsel on how seed should be formed, how light should be produced, and how the sustainer and nourisher of all",PRIMARY SOURCE,MEDIUM,Alexander 1920,p. 161,
C-530,22,K'iche' Maya,"They stated that they would receive neither glory nor honour from what they had created until human beings existed, endowed with sentience",PRIMARY SOURCE,MEDIUM,Alexander 1920,p. 161,
C-531,22,K'iche' Maya,"'Earth,' they said, and immediately it was formed",PRIMARY SOURCE,MEDIUM,Alexander 1920,p. 161,
C-532,22,K'iche' Maya,"The formation was like a fog or a cloud, and the mountains appeared upon the waters like great lobsters, instantly grown with cypress and pine",PRIMARY SOURCE,MEDIUM,Alexander 1920,pp. 161-162,FLAGGED — the lobster image is Brasseur's rendering carried into English; later translators from the K'iche' differ
C-533,22,K'iche' Maya,"Gucumatz was filled with joy and welcomed the Heart of the Sky, Hurakan, the Streak of Lightning and the Thunderbolt",PRIMARY SOURCE,MEDIUM,Alexander 1920,p. 162,
C-534,22,K'iche' Maya,The reply was that what they had created and shaped will have its end,PRIMARY SOURCE,MEDIUM,Alexander 1920,p. 162,
C-535,22,K'iche' Maya,"The course of the waters was divided, the rivulets running serpentine among the mountains",PRIMARY SOURCE,MEDIUM,Alexander 1920,p. 162,
C-536,22,K'iche' Maya,"Those who did it are called the Heart of the Sky and the Heart of the Earth, who first made fruitful the heaven and the earth while suspended in the midst of the waters",PRIMARY SOURCE,MEDIUM,Alexander 1920,p. 162,
C-537,22,K'iche' Maya,The Popol Vuh was written in K'iche' in the Roman alphabet in the mid-sixteenth century by authors who do not name themselves,SECONDARY SCHOLARSHIP,HIGH,standard Mesoamerican scholarship,—,
C-538,22,K'iche' Maya,"Francisco Ximénez, a Dominican, copied the K'iche' and set a Spanish translation beside it around 1701 at Chichicastenango",SECONDARY SCHOLARSHIP,HIGH,standard scholarship,—,
C-539,22,K'iche' Maya,Brasseur de Bourbourg published the K'iche' text with a French translation in 1861 as the first volume of a collection of documents in indigenous languages,PRIMARY SOURCE,HIGH,"the volume's own title page, held for this edition",title page,
C-540,22,K'iche' Maya,"Alexander's English is translated from Brasseur's French, verified by comparing the Hurakan passage in both texts",PRIMARY SOURCE,HIGH,Alexander 1920 against Brasseur 1861,Alexander p. 161; Brasseur at the Hurakan passage,Verification performed for this edition and described in the source note
C-541,22,K'iche' Maya,Brasseur also wrote theories connecting Mesoamerica to Atlantis,SECONDARY SCHOLARSHIP,HIGH,standard history of scholarship,—,Reported; his interpretations are not used
C-542,22,K'iche' Maya,"The K'iche' are the largest Maya group in Guatemala today, numbering over a million, and Maya communities were the principal victims of the Guatemalan civil war",SECONDARY SCHOLARSHIP,HIGH,standard reference,—,
C-543,22,K'iche' Maya,"This creation is the only unmixed moment of joy in the collection, and the announcement of the world's end arrives in the same breath",EDITORIAL INTERPRETATION,—,—,—,MARKED IN TEXT — the story's comparative reading
C-544,22,K'iche' Maya,Memphis makes the word an organ the god owns; here the word is a third party that arrives and confers,EDITORIAL INTERPRETATION,—,—,—,MARKED IN TEXT
C-545,22,K'iche' Maya,"Mexica and K'iche' both state the god-human relationship as transactional but in different currencies, blood and praise",EDITORIAL INTERPRETATION,—,—,—,MARKED IN TEXT
C-546,23,Inca · Tawantinsuyu,Everything was destroyed in the flood called unu pachacuti,PRIMARY SOURCE,HIGH,Markham/Sarmiento ch. VII,p. 32,
C-547,23,Inca · Tawantinsuyu,Markham glosses unu pachacuti as the world overturned by water and calls it probably a word coined by the priests after putting leading questions about a universal deluge,SECONDARY SCHOLARSHIP,HIGH,Markham's footnote,p. 32 n.1,FLAGGED — the translator warning that a central term may be an artefact of the interrogation
C-548,23,Inca · Tawantinsuyu,"Viracocha preserved three men, one named Taguapaca, to help him create new people in the second age",PRIMARY SOURCE,HIGH,Markham/Sarmiento ch. VII,p. 32,
C-549,23,Inca · Tawantinsuyu,"He determined to people the land a second time and, to make it more perfect, decided to create luminaries to give it light",PRIMARY SOURCE,HIGH,Markham/Sarmiento ch. VII,p. 32,
C-550,23,Inca · Tawantinsuyu,"He went to the island of Titicaca, meaning the rock of lead, in a great lake in the Collao",PRIMARY SOURCE,HIGH,Markham/Sarmiento ch. VII,pp. 32-33,
C-551,23,Inca · Tawantinsuyu,"He ordered the sun, moon and stars to come forth and be set in the heavens, and it was so",PRIMARY SOURCE,HIGH,Markham/Sarmiento ch. VII,p. 33,
C-552,23,Inca · Tawantinsuyu,"The moon was created brighter than the sun, which made the sun jealous as they rose, so the sun threw a handful of ashes over the moon's face, giving it its shaded colour",PRIMARY SOURCE,HIGH,Markham/Sarmiento ch. VII,p. 33,
C-553,23,Inca · Tawantinsuyu,"Taguapaca disobeyed; Viracocha had him tied hand and foot and launched on a balsa, and he was carried down the drain of the lake blaspheming and threatening vengeance",PRIMARY SOURCE,HIGH,Markham/Sarmiento ch. VII,p. 33,
C-554,23,Inca · Tawantinsuyu,Viracocha made a sacred idol on the island as a place of worship and a sign of what he had created there,PRIMARY SOURCE,HIGH,Markham/Sarmiento ch. VII,p. 33,
C-555,23,Inca · Tawantinsuyu,At Tiahuanaco he sculptured and designed on a great piece of stone all the nations he intended to create,PRIMARY SOURCE,HIGH,Markham/Sarmiento ch. VII,p. 34,
C-556,23,Inca · Tawantinsuyu,He ordered his two servants to charge their memories with the names of all the tribes depicted and of the valleys and provinces where they were to come forth,PRIMARY SOURCE,HIGH,Markham/Sarmiento ch. VII,p. 34,
C-557,23,Inca · Tawantinsuyu,"One servant went by the coastal range above the South Sea, the other by the heights overlooking the Andes, and Viracocha took the road between them",PRIMARY SOURCE,HIGH,Markham/Sarmiento ch. VII,p. 34,
C-558,23,Inca · Tawantinsuyu,"They called aloud: 'Oh you tribes and nations, hear and obey the order of Ticci Viracocha Pachayachachi, which commands you to go forth, and multiply and settle the land'",PRIMARY SOURCE,HIGH,Markham/Sarmiento ch. VII,p. 34,
C-559,23,Inca · Tawantinsuyu,"At the sound of his voice every place obeyed and people came forth from lakes, fountains, valleys, caves, trees, rocks and hills, spreading over the land to form the nations now in Peru",PRIMARY SOURCE,HIGH,Markham/Sarmiento ch. VII,p. 34,
C-560,23,Inca · Tawantinsuyu,"A variant holds that the creation was made at Titicaca, where shapes of large strong men seemed out of proportion and were remade at the creator's own stature, the average height of men, and given life",PRIMARY SOURCE,HIGH,Markham/Sarmiento ch. VII,p. 34,
C-561,23,Inca · Tawantinsuyu,Sarmiento states the work is done by order of Viceroy Don Francisco de Toledo,PRIMARY SOURCE,HIGH,Markham/Sarmiento ch. VI,p. 28,
C-562,23,Inca · Tawantinsuyu,"Sarmiento states the history rests on attested proofs from the general testimony of the whole kingdom, old and young, Incas and tributary Indians",PRIMARY SOURCE,HIGH,Markham/Sarmiento ch. VI,p. 28,
C-563,23,Inca · Tawantinsuyu,On completion the history was read aloud in Quechua to an assembly of Inca elders and keepers of the knotted-cord records at Cuzco for certification,SECONDARY SCHOLARSHIP,HIGH,standard scholarship on the manuscript,—,
C-564,23,Inca · Tawantinsuyu,"Toledo arrived as viceroy in 1569 and commissioned histories to establish that the Incas were recent usurpers, in answer to arguments that Spanish rule was illegitimate",SECONDARY SCHOLARSHIP,HIGH,standard history,—,
C-565,23,Inca · Tawantinsuyu,"In 1572, the year the history was written, Toledo had the last Inca ruler Túpac Amaru beheaded at Cuzco",SECONDARY SCHOLARSHIP,HIGH,standard history,—,
C-566,23,Inca · Tawantinsuyu,Markham collects the variant names of Taguapaca from Cieza de León and Yamqui Pachacuti and concludes that nothing more than the names can be recovered,SECONDARY SCHOLARSHIP,HIGH,Markham's footnote,p. 33 n.1,
C-567,23,Inca · Tawantinsuyu,Sarmiento was a navigator and cosmographer who later commanded an expedition to fortify the Strait of Magellan and was captured by Sir Walter Raleigh; the manuscript was rediscovered at Göttingen and published by Markham in 1907,SECONDARY SCHOLARSHIP,HIGH,standard history,—,
C-568,23,Inca · Tawantinsuyu,"Here the word summons rather than makes or confers existence, and the people are already located in the ground",EDITORIAL INTERPRETATION,—,—,—,MARKED IN TEXT — the story's comparative reading
C-569,23,Inca · Tawantinsuyu,A history commissioned to prove the peoples of Peru had been dispossessed by usurpers preserves a cosmogony asserting that each nation belongs exactly where it stands,EDITORIAL INTERPRETATION,—,—,—,"MARKED IN TEXT as an irony, not as a claim about Sarmiento's intent"
C-570,23,Inca · Tawantinsuyu,This is the only account in the book in which the moon's inferiority results from an act of spite rather than from design or assignment,EDITORIAL INTERPRETATION,—,—,—,MARKED IN TEXT
C-571,24,Yoruba,Olorun means Owner of the Sky and is the Yoruba sky-god,SECONDARY SCHOLARSHIP,HIGH,Ellis 1894,ch. III (1),
C-572,24,Yoruba,"Olorun made Obatala, handed over to him the management of the firmament and the world, and himself retired to rest",PRIMARY SOURCE,HIGH,Ellis 1894,ch. III (2),Attributed by Ellis to 'the priests'; no informant named
C-573,24,Yoruba,"Olorun has no priests, symbols, images or temples, and survives chiefly in greetings and exclamations",SECONDARY SCHOLARSHIP,HIGH,Ellis 1894,ch. III (1),
C-574,24,Yoruba,"Obatala's name means Lord of the White Cloth, and his temples, images, paraphernalia and followers' cloths are white",SECONDARY SCHOLARSHIP,HIGH,Ellis 1894,ch. III (2),"Ellis records an alternative derivation, Lord of Visions, and prefers the first"
C-575,24,Yoruba,"Odudua's name means the Black One, she is the chief goddess, and she is always represented as a woman sitting down nursing a child",SECONDARY SCHOLARSHIP,HIGH,Ellis 1894,ch. III (3),
C-576,24,Yoruba,"Odudua is the wife of Obatala but was coeval with Olorun and not made by him, as her husband was",PRIMARY SOURCE,HIGH,Ellis 1894,ch. III (3),
C-577,24,Yoruba,Obatala and Odudua represent Heaven and Earth,SECONDARY SCHOLARSHIP,HIGH,Ellis 1894,ch. III (3),
C-578,24,Yoruba,"The priests say the pair resemble two large cut calabashes which, once shut, can never be opened; this is modelled in the temples by two whitened saucer-shaped calabashes, one covering the other, the upper the firmament and the lower the earth, meeting at the horizon",PRIMARY SOURCE,HIGH,Ellis 1894,ch. III (3),
C-579,24,Yoruba,"In the beginning of the world Obatala and Odudua were shut up in darkness in a large closed calabash, he in the upper part and she in the lower, and the myth does not state how they came to be there",PRIMARY SOURCE,HIGH,Ellis 1894,ch. III (3),
C-580,24,Yoruba,"They remained there many days, cramped, hungry and uncomfortable",PRIMARY SOURCE,HIGH,Ellis 1894,ch. III (3),
C-581,24,Yoruba,"Odudua complained and blamed her husband for the confinement, a violent quarrel followed, and in a frenzy of rage Obatala tore out her eyes because she would not bridle her tongue",PRIMARY SOURCE,HIGH,Ellis 1894,ch. III (3),
C-582,24,Yoruba,"She cursed him, saying 'Naught shalt thou eat but snails', which is why snails are offered to Obatala",PRIMARY SOURCE,HIGH,Ellis 1894,ch. III (3),
C-583,24,Yoruba,"Ellis observes that the myth does not restore her sight, so she must be supposed to have remained sightless, yet no native regards her as blind",SECONDARY SCHOLARSHIP,HIGH,Ellis 1894,ch. III (3),
C-584,24,Yoruba,"One myth, contradicted by another and disputed by some, has Obatala make the first man and woman out of clay, whence the titles Owner of the Best Clay and the Orisha Who Kneads Clay",PRIMARY SOURCE,HIGH,Ellis 1894,ch. III (2),
C-585,24,Yoruba,All are agreed that Obatala forms the child in the mother's womb and that women who wish to become mothers pray to him,PRIMARY SOURCE,HIGH,Ellis 1894,ch. III (2),
C-586,24,Yoruba,"Some priests hold that Obatala and Odudua are one androgynous divinity, symbolised by a figure with one arm and leg and a tail ending in a sphere, but Ellis records this as a minority view",PRIMARY SOURCE,HIGH,Ellis 1894,ch. III (3),
C-587,24,Yoruba,"Ellis's migration tradition has a palm-nut and earth fall from a black cloth into a country of water, and a fowl scratch the earth about so that wherever it falls the water dries up, founding Ife",PRIMARY SOURCE,HIGH,Ellis 1894,the migration chapter,"Described in the source note, not told in the story; Ellis reads it as a memory of a real southward migration"
C-588,24,Yoruba,"Ellis names no informant, place or date for any of these accounts, attributing only to 'the priests' or 'some natives'",PRIMARY SOURCE,HIGH,Ellis 1894,ch. III,
C-589,24,Yoruba,"Ellis was a colonel of the 1st West India Regiment and published three successive volumes on the Tshi-, Ewe- and Yoruba-speaking peoples",PRIMARY SOURCE,HIGH,the title page; standard biography,title page,
C-590,24,Yoruba,"Lagos was annexed in 1861, British authority was extended across Yorubaland through the 1880s and 1890s, and the Protectorate of Southern Nigeria was formed in 1900",SECONDARY SCHOLARSHIP,HIGH,standard history,—,
C-591,24,Yoruba,"Yoruba religion is practised today in Nigeria and Benin and, through the Atlantic slave trade, in Cuban Lucumí and Santería, Brazilian Candomblé and diaspora communities across the Americas and Europe",SECONDARY SCHOLARSHIP,HIGH,standard reference,—,
C-592,24,Yoruba,This is the only cosmogony in the book in which heaven and earth are never separated and the world is the inside of a sealed container,EDITORIAL INTERPRETATION,—,—,—,MARKED IN TEXT — the story's comparative reading
C-593,24,Yoruba,"Japan, the Ainu and the Yoruba independently trace a defect in the world to a woman speaking at the wrong moment",EDITORIAL INTERPRETATION,—,—,—,"MARKED IN TEXT and stated as a fact about who told these stories, not about cosmology; no historical contact is claimed"
C-594,24,Yoruba,"Olorun's absence is a delegation rather than a failure to answer, unlike Ukko's silence in the Finnish poem",EDITORIAL INTERPRETATION,—,—,—,MARKED IN TEXT
C-595,25,Kuba · Bushoong · Congo,Bumba is described as a gigantic white being in human form who existed alone in the beginning in a universe of nothing but water,PRIMARY SOURCE,MEDIUM,"Werner 1925, reporting Torday",myths of origins chapter,Reported at two removes — Werner from Torday — with no narrator named
C-596,25,Kuba · Bushoong · Congo,"Bumba felt severe internal pains and as a consequence vomited up the sun, moon and stars, giving light to the world",PRIMARY SOURCE,MEDIUM,Werner 1925,same,
C-597,25,Kuba · Bushoong · Congo,"The sun's rays dried the water so that sandbanks appeared above the surface, but there was no life anywhere",PRIMARY SOURCE,MEDIUM,Werner 1925,same,
C-598,25,Kuba · Bushoong · Congo,"He produced in the same manner the leopard, crested eagle, crocodile, a small fish, the tortoise, the lightning as a beast like a black leopard, the white heron, a beetle and the goat",PRIMARY SOURCE,MEDIUM,Werner 1925,same,FLAGGED — Werner says eight creatures and lists nine; the discrepancy is left as it stands and disclosed in the source note
C-599,25,Kuba · Bushoong · Congo,He then produced men,PRIMARY SOURCE,MEDIUM,Werner 1925,same,
C-600,25,Kuba · Bushoong · Congo,"The animals undertook to people the world: the goat produced all horned beasts, the beetle all insects, the crocodile all serpents and the iguana, and the white heron all birds except the kite",PRIMARY SOURCE,MEDIUM,Werner 1925,same,
C-601,25,Kuba · Bushoong · Congo,Bumba's first son produced white ants and died in the effort; the second produced a plant from which all vegetable life sprang; the third tried to bring forth new creatures and produced only the kite,PRIMARY SOURCE,MEDIUM,Werner 1925,same,
C-602,25,Kuba · Bushoong · Congo,Werner records that why the kite should be set apart from all other birds is not explained,SECONDARY SCHOLARSHIP,HIGH,Werner 1925,same,
C-603,25,Kuba · Bushoong · Congo,Werner states she has not met with a parallel to this legend elsewhere in Africa,SECONDARY SCHOLARSHIP,HIGH,Werner 1925,same,
C-604,25,Kuba · Bushoong · Congo,Werner notes the narrative's resemblance to Genesis I and defends its independence on the grounds that the Bushongo were untouched by missionary influence and Torday unusually independent of interpreters,SECONDARY SCHOLARSHIP,HIGH,Werner 1925,same,FLAGGED — the claim of no missionary influence in the Kasai at that date is questioned in the source note and not adopted
C-605,25,Kuba · Bushoong · Congo,"Bumba is First Ancestor as well as Creator, and the reigning chiefs preserve every link in their genealogy of descent from him",SECONDARY SCHOLARSHIP,HIGH,Werner 1925,same,
C-606,25,Kuba · Bushoong · Congo,"Werner reports that the Bushongo say they came from the far north, probably the region of Lake Chad, within historical times, bringing an archaic non-Bantu language nearly out of use",SECONDARY SCHOLARSHIP,MEDIUM,Werner 1925,same,
C-607,25,Kuba · Bushoong · Congo,"Emil Torday, a Hungarian-born ethnographer, collected in the Kasai for the British Museum between 1907 and 1909",SECONDARY SCHOLARSHIP,HIGH,standard history of anthropology,—,
C-608,25,Kuba · Bushoong · Congo,"The Congo Free State was the personal possession of Leopold II from 1885 to 1908, run for rubber and ivory through quotas enforced by hostage-taking, mutilation and killing, and was annexed by the Belgian state in 1908 after international campaigning",SECONDARY SCHOLARSHIP,HIGH,standard history,—,
C-609,25,Kuba · Bushoong · Congo,"A Kuba rising against the Free State was put down in 1904, three years before Torday arrived",SECONDARY SCHOLARSHIP,MEDIUM,standard history,—,
C-610,25,Kuba · Bushoong · Congo,"The Kuba kingdom was known in Europe for its sculpture, textiles and royal portrait figures, and Torday's collecting served a museum market as well as scholarship",SECONDARY SCHOLARSHIP,HIGH,standard history,—,
C-611,25,Kuba · Bushoong · Congo,Alice Werner was a scholar of Bantu languages who later taught at the School of Oriental Studies in London,SECONDARY SCHOLARSHIP,HIGH,standard biography,—,
C-612,25,Kuba · Bushoong · Congo,"This is the only creation in the book produced by illness rather than by intention, labour, speech or violence",EDITORIAL INTERPRETATION,—,—,—,MARKED IN TEXT — the story's comparative reading
C-613,25,Kuba · Bushoong · Congo,"This is the only account in the book in which the created finish the creation, with uneven competence and one fatality",EDITORIAL INTERPRETATION,—,—,—,MARKED IN TEXT
C-614,25,Kuba · Bushoong · Congo,The unexplained kite is an example of a collector printing a gap rather than filling it,EDITORIAL INTERPRETATION,—,—,—,MARKED IN TEXT
C-615,26,Archaic Greece,Hesiod introduces the passage as another tale of how gods and mortal men sprang from one source,PRIMARY SOURCE,HIGH,Works and Days 106-108,ll. 106-108,
C-616,26,Archaic Greece,"The golden race was made by the gods on Olympus in the time of Cronos and lived free from toil and grief, dying as though overcome with sleep",PRIMARY SOURCE,HIGH,Works and Days 109-120,ll. 109-120,
C-617,26,Archaic Greece,"The fruitful earth bore them fruit unforced, abundantly and without stint",PRIMARY SOURCE,HIGH,Works and Days 117-118,ll. 117-118,
C-618,26,Archaic Greece,"After death the golden race became pure spirits on the earth, kindly guardians clothed in mist who keep watch on judgements and cruel deeds and give wealth",PRIMARY SOURCE,HIGH,Works and Days 121-126,ll. 121-126,
C-619,26,Archaic Greece,The silver race was less noble by far and unlike the golden in body and spirit,PRIMARY SOURCE,HIGH,Works and Days 127-129,ll. 127-129,
C-620,26,Archaic Greece,"A silver child was reared at his mother's side a hundred years, an utter simpleton playing childishly at home",PRIMARY SOURCE,HIGH,Works and Days 130-133,ll. 130-133,
C-621,26,Archaic Greece,"Grown, they lived only a little time in sorrow through their foolishness, could not keep from wronging one another, and would not serve or sacrifice to the immortals, so Zeus put them away",PRIMARY SOURCE,HIGH,Works and Days 134-139,ll. 134-139,
C-622,26,Archaic Greece,"They became blessed spirits of the underworld, of second order, but honour attends them",PRIMARY SOURCE,HIGH,Works and Days 140-142,ll. 140-142,
C-623,26,Archaic Greece,"The brazen race sprang from ash-trees, was terrible and strong, loved the works of Ares, ate no bread and was hard of heart like adamant",PRIMARY SOURCE,HIGH,Works and Days 143-147,ll. 143-147,The ash-tree origin is stated without explanation in the poem and is left unexplained here
C-624,26,Archaic Greece,"Their armour, houses and implements were of bronze and there was no black iron",PRIMARY SOURCE,HIGH,Works and Days 150-151,ll. 150-151,
C-625,26,Archaic Greece,"They were destroyed by their own hands, passed to Hades and left no name",PRIMARY SOURCE,HIGH,Works and Days 152-155,ll. 152-155,
C-626,26,Archaic Greece,"The fourth generation was nobler and more righteous, a god-like race of hero demi-gods, the race before our own",PRIMARY SOURCE,HIGH,Works and Days 156-160,ll. 156-160,
C-627,26,Archaic Greece,Some were destroyed at seven-gated Thebe fighting for the flocks of Oedipus and some at Troy for Helen's sake,PRIMARY SOURCE,HIGH,Works and Days 161-165,ll. 161-165,
C-628,26,Archaic Greece,"The rest Zeus settled at the ends of the earth in the islands of the blessed, where the earth bears honey-sweet fruit three times a year, with Cronos released from his bonds ruling over them",PRIMARY SOURCE,HIGH,Works and Days 166-169b,ll. 166-169b,
C-629,26,Archaic Greece,Hesiod wishes he were not among the men of the fifth generation but had died before or been born afterwards,PRIMARY SOURCE,HIGH,Works and Days 170-172,ll. 170-172,
C-630,26,Archaic Greece,"The race of iron never rests from labour and sorrow by day nor from perishing by night, though some good is mingled with the evils",PRIMARY SOURCE,HIGH,Works and Days 174-179,ll. 174-179,
C-631,26,Archaic Greece,Zeus will destroy this race when men come to have grey hair on the temples at their birth,PRIMARY SOURCE,MEDIUM,Works and Days 180-181,ll. 180-181,"FLAGGED — the exact sense of the line is debated, as noted in the source note"
C-632,26,Archaic Greece,"Father will not agree with children, nor guest with host, nor comrade with comrade, nor brother with brother; parents will be dishonoured and unrepaid; might will be right and one man will sack another's city",PRIMARY SOURCE,HIGH,Works and Days 182-189,ll. 182-189,
C-633,26,Archaic Greece,"There will be no favour for the just or the oath-keeper, men will praise the evil-doer, strength will be right, reverence will cease, and the wicked will slander the worthy man on oath",PRIMARY SOURCE,HIGH,Works and Days 190-194,ll. 190-194,
C-634,26,Archaic Greece,"Envy, foul-mouthed and scowling, will accompany all wretched men",PRIMARY SOURCE,HIGH,Works and Days 195-196,ll. 195-196,
C-635,26,Archaic Greece,"Aidos and Nemesis, wrapped in white robes, will forsake mankind for the company of the deathless gods, leaving bitter sorrows and no help against evil",PRIMARY SOURCE,HIGH,Works and Days 197-201,ll. 197-201,
C-636,26,Archaic Greece,Hesiod immediately follows with a fable for princes: the hawk carrying the nightingale in his talons and telling her that one far stronger than she has her,PRIMARY SOURCE,HIGH,Works and Days 202-211,ll. 202-211,
C-637,26,Archaic Greece,The heroes interrupt a metallic decline and are usually read as Hesiod combining an inherited decline myth with a heroic age known from epic,SECONDARY SCHOLARSHIP,HIGH,standard classical scholarship,—,Reported as the standard reading and labelled a reading
C-638,26,Archaic Greece,"Works and Days is addressed to Hesiod's brother Perses over a divided estate decided in Perses' favour by gift-taking magistrates, and combines appeal, warning, treatise on justice and farming manual",PRIMARY SOURCE,HIGH,"Works and Days, passim",—,
C-639,26,Archaic Greece,Aidos is the internal sense of shame that restrains dishonourable action and Nemesis the righteous indignation of others at wrongdoing,SECONDARY SCHOLARSHIP,HIGH,standard Greek lexicography,—,
C-640,26,Archaic Greece,"Hesiod's five races replace people rather than worlds, and three of the four superseded generations still exist somewhere",EDITORIAL INTERPRETATION,—,—,—,MARKED IN TEXT — the story's comparative reading
C-641,26,Archaic Greece,This is the only account in the book whose narrator places himself inside the events he describes,EDITORIAL INTERPRETATION,—,—,—,MARKED IN TEXT
C-642,26,Archaic Greece,"This is the only ending in the book that offers no return, repair, scheduled victory or consolation",EDITORIAL INTERPRETATION,—,—,—,MARKED IN TEXT
C-643,27,Inca · Tawantinsuyu,"Before this world was created there was a being called Viracocha, who created a dark world without sun, moon or stars",PRIMARY SOURCE,HIGH,Markham/Sarmiento ch. VI,p. 28,
C-644,27,Inca · Tawantinsuyu,"He was named Viracocha Pachayachachi, which Markham translates as Creator of all things",PRIMARY SOURCE,HIGH,Markham/Sarmiento ch. VI,p. 28,
C-645,27,Inca · Tawantinsuyu,"He formed a race of giants of disproportioned greatness, painted and sculptured, to see whether it would be well to make real men of that size",PRIMARY SOURCE,HIGH,Markham/Sarmiento ch. VI,p. 29,
C-646,27,Inca · Tawantinsuyu,"He then created men in his likeness as they are now, and they lived in darkness",PRIMARY SOURCE,HIGH,Markham/Sarmiento ch. VI,p. 29,
C-647,27,Inca · Tawantinsuyu,"He ordered them to live without quarrelling and to know and serve him, and gave them a precept to observe on pain of being confounded",PRIMARY SOURCE,HIGH,Markham/Sarmiento ch. VI,p. 29,
C-648,27,Inca · Tawantinsuyu,"They kept the precept for some time, but it is not mentioned what it was",PRIMARY SOURCE,HIGH,Markham/Sarmiento ch. VI,p. 29,The source itself records the content of the precept as unknown; nothing is supplied here
C-649,27,Inca · Tawantinsuyu,"Pride and covetousness arose among them and they transgressed the precept, falling under his indignation, and he confounded and cursed them",PRIMARY SOURCE,HIGH,Markham/Sarmiento ch. VI,p. 29,
C-650,27,Inca · Tawantinsuyu,"Some were turned into stones, others into other things, some swallowed by the earth and others by the sea",PRIMARY SOURCE,HIGH,Markham/Sarmiento ch. VI,p. 29,
C-651,27,Inca · Tawantinsuyu,"A general flood called unu pachacuti, water that overturns the land, rained sixty days and nights and drowned all created things",PRIMARY SOURCE,MEDIUM,Markham/Sarmiento ch. VI,pp. 29-30,Markham warns that unu pachacuti was probably coined by priests after leading questions about a universal deluge
C-652,27,Inca · Tawantinsuyu,"Vestiges of those turned into stones remained as a memorial of the event and an example to posterity, in the edifices of Pucara, sixty leagues from Cuzco",PRIMARY SOURCE,HIGH,Markham/Sarmiento ch. VI,p. 30,
C-653,27,Inca · Tawantinsuyu,"Sarmiento notes that nations besides the Cuzcos say a few were saved from the flood to leave descendants, and that each nation has its own fable",PRIMARY SOURCE,HIGH,Markham/Sarmiento ch. VI,p. 30,
C-654,27,Inca · Tawantinsuyu,"Markham collects competing derivations of Viracocha from Garcilasso, Cieza de León, Acosta, Montesinos, Molina, Betanzos and an anonymous Jesuit without choosing between them",SECONDARY SCHOLARSHIP,HIGH,Markham's footnote,pp. 28-29 n.1,
C-655,27,Inca · Tawantinsuyu,"Markham reports uira possibly a corruption of pirua, a depository; cocha as profundity, abyss or space; ticci as base or foundation; illa as light; and gives 'the Dweller in Space' as one gloss",SECONDARY SCHOLARSHIP,HIGH,Markham's footnote,pp. 28-29 n.1,
C-656,27,Inca · Tawantinsuyu,"Markham glosses pacha as time, place or the universe, camac as Ruler and yachachi as Teacher, giving Pachayachachi as Teacher of the Universe",SECONDARY SCHOLARSHIP,HIGH,Markham's footnote,p. 29 n.1,
C-657,27,Inca · Tawantinsuyu,Sarmiento argues that America was peopled after the biblical flood by way of an Atlantic land connection and states that there is no necessity for setting aside the Scriptures,PRIMARY SOURCE,HIGH,Markham/Sarmiento ch. VI,p. 30,
C-658,27,Inca · Tawantinsuyu,"Pucara lies on the altiplano north-west of Lake Titicaca and was the centre of a culture flourishing centuries before the Inca, with carved stone monoliths and sunken courts, abandoned long before the sixteenth century",SECONDARY SCHOLARSHIP,HIGH,standard Andean archaeology,—,
C-659,27,Inca · Tawantinsuyu,Tiahuanaco is likewise a monumental site far older than the Inca state and is where the second creation is placed in the following chapter,SECONDARY SCHOLARSHIP,HIGH,standard Andean archaeology; Sarmiento ch. VII,—,
C-660,27,Inca · Tawantinsuyu,"The petrified first people function as an exhibit rather than as a trace, unlike the landscape marks left by construction accidents elsewhere in the book",EDITORIAL INTERPRETATION,—,—,—,MARKED IN TEXT — the story's comparative reading
C-661,27,Inca · Tawantinsuyu,The giants are a deliberate prototype tested for scale rather than a failed creation discovered after the fact,EDITORIAL INTERPRETATION,—,—,—,MARKED IN TEXT
C-662,27,Inca · Tawantinsuyu,The lost precept is the clearest case in the book of a source recording what it does not know,EDITORIAL INTERPRETATION,—,—,—,MARKED IN TEXT
C-663,28,Mixtec,"The account opens: in the year and in the day of obscurity and darkness, when there were as yet no days nor years, the world was a chaos sunk in darkness, while the earth was covered with water on which scum and slime floated",PRIMARY SOURCE,HIGH,"Alexander 1920, quoting García",p. 86,The only direct quotation available; the rest of the narrative is Alexander's summary
C-664,28,Mixtec,The Deer-God and the Deer-Goddess are also known as the Puma-Snake and the Jaguar-Snake,SECONDARY SCHOLARSHIP,MEDIUM,Alexander 1920,p. 86,
C-665,28,Mixtec,They magically raised a cliff above the abyss of waters,SECONDARY SCHOLARSHIP,MEDIUM,Alexander 1920,p. 86,
C-666,28,Mixtec,"On its summit they placed an axe, edge upward, upon which the heavens rested",SECONDARY SCHOLARSHIP,MEDIUM,Alexander 1920,p. 86,
C-667,28,Mixtec,The place was called the Place-where-the-Heavens-stood and they lived there many centuries,SECONDARY SCHOLARSHIP,MEDIUM,Alexander 1920,p. 86,
C-668,28,Mixtec,"They reared two boys, Wind-of-the-Nine-Serpents and Wind-of-the-Nine-Caves, who could transform into eagles and serpents and pass through solid bodies",SECONDARY SCHOLARSHIP,MEDIUM,Alexander 1920,p. 86,
C-669,28,Mixtec,The brothers inaugurated sacrifice and penance and the cultivation of flowers and fruits,SECONDARY SCHOLARSHIP,MEDIUM,Alexander 1920,pp. 86-87,
C-670,28,Mixtec,"With vows and prayers they besought their ancestral gods to let the light appear, to cause the water to be separated from the earth, and to permit the dry land to be freed from its covering",SECONDARY SCHOLARSHIP,MEDIUM,Alexander 1920,p. 87,
C-671,28,Mixtec,"The earth was peopled, a flood destroyed this First People, and the world was restored by the Creator of all Things",SECONDARY SCHOLARSHIP,MEDIUM,Alexander 1920,p. 87,
C-672,28,Mixtec,"Alexander suggests the deer is an emblem of fecundity, that as Puma-Snake and Jaguar-Snake the pair doubtless represent the day-sky and the starry night vault, and that the two boys are demiurgic twins typifying the upper and nether worlds",SECONDARY SCHOLARSHIP,HIGH,Alexander 1920,pp. 86-87,Reported as Alexander's interpretations and explicitly not used in the retelling
C-673,28,Mixtec,"Alexander notes the resemblance of the opening's negative mode to Genesis and the Babylonian cosmogony, and explains it as characteristic of an early stage of human thought struggling with abstractions",SECONDARY SCHOLARSHIP,HIGH,Alexander 1920,p. 86,Quoted as the evolutionary anthropology of its period and not adopted
C-674,28,Mixtec,"The Mixtec are a people of the Oaxaca highlands with their own language, city-states and dynasties, distinct from the Mexica",SECONDARY SCHOLARSHIP,HIGH,standard Mesoamerican scholarship,—,
C-675,28,Mixtec,"A handful of pre-conquest Mixtec screenfold codices painted on deerskin survive, recording ruling lineages across centuries by named individuals",SECONDARY SCHOLARSHIP,HIGH,standard Mesoamerican scholarship,—,
C-676,28,Mixtec,"Mixtec personal names combine a number and a calendar sign, which is the form of the two sons' names in this account",SECONDARY SCHOLARSHIP,HIGH,standard Mesoamerican scholarship,—,
C-677,28,Mixtec,"Fray Gregorio García was a Dominican best known for an enquiry into the origin of the peoples of the New World, and collected origin traditions partly to test theories about it",SECONDARY SCHOLARSHIP,HIGH,standard history of scholarship,—,
C-678,28,Mixtec,"The Mixtec today number around half a million, in Oaxaca and in migrant communities in Mexico City, Baja California and the United States",SECONDARY SCHOLARSHIP,HIGH,standard reference,—,
C-679,28,Mixtec,"This is the only account in the book in which the sky rests on the edge of a blade rather than on a person, pillar, corner-props or a growing body",EDITORIAL INTERPRETATION,—,—,—,MARKED IN TEXT — the story's comparative reading
C-680,28,Mixtec,"This is the only cosmogony in the book whose decisive act is a prayer, performed by beings who are neither the creators nor the created",EDITORIAL INTERPRETATION,—,—,—,MARKED IN TEXT
C-681,28,Mixtec,The opening sentence dates the event to a year and a day and then denies that years or days existed,EDITORIAL INTERPRETATION,—,—,—,MARKED IN TEXT; the observation is about the quoted sentence
C-682,28,Mixtec,"Alexander suggests the Mixtec Creator-of-All-Things was the same deity the Zapotec knew as Coqui-Xee or Coqui-Cilla, Lord of the Beginning",SECONDARY SCHOLARSHIP,HIGH,Alexander 1920,p. 87,Reported as Alexander's suggestion
C-683,28,Mixtec,Of Coqui-Xee it was said that he was the creator of all things and was himself uncreated,PRIMARY SOURCE,MEDIUM,"Alexander 1920, quoting the Zapotec formula",p. 87,
C-684,28,Mixtec,"Seler read Coqui-Xee as a spirit of the beginning in the sense of dawn, the east and the rising sun, and identified him with the Zapotec Quetzalcoatl on the strength of his second name Piye-Tao, the Great Wind",SECONDARY SCHOLARSHIP,HIGH,"Alexander 1920, reporting Seler",p. 87,
C-685,28,Mixtec,"Coqui-Xee is described as merely the principle or essence of the creative deity, without reference to the act of creating the world and human beings",SECONDARY SCHOLARSHIP,HIGH,Alexander 1920,p. 87,
C-686,28,Mixtec,"The act of creating is ascribed instead to the primeval pair Cozaana, Maker of all Beasts, and Huichaana, Maker of Men and Fishes, equivalent to the Mixtec Deer-God and Deer-Goddess",SECONDARY SCHOLARSHIP,HIGH,Alexander 1920,p. 87,
C-687,28,Mixtec,"Fish are classified with human beings rather than with the animals in the Zapotec division of labour, and the source does not explain it",EDITORIAL INTERPRETATION,—,—,—,"MARKED IN TEXT as an observation about the titles, with the absence of explanation stated"
C-688,29,Samoa and Tonga,From the high heavens Tangaloa saw a stone floating in the boundless sea beneath,PRIMARY SOURCE,MEDIUM,Dixon 1916,p. 18,Reported by a compiler with no reciter or recorder named
C-689,29,Samoa and Tonga,"He brought it up to the skies, shaped it into human form, inspired it with life and took it to wife",PRIMARY SOURCE,MEDIUM,Dixon 1916,p. 18,
C-690,29,Samoa and Tonga,"She bore him a bird, which he sent down from the sky-world, casting a great rock into the sea to serve it for a home",PRIMARY SOURCE,MEDIUM,Dixon 1916,p. 18,
C-691,29,Samoa and Tonga,"The bird returned complaining of the shadeless character of the land, and the god cast down a vine which grew and gave shadow",PRIMARY SOURCE,MEDIUM,Dixon 1916,p. 18,
C-692,29,Samoa and Tonga,Tangaloa in anger sent worms which fed upon the vines and killed them,PRIMARY SOURCE,MEDIUM,Dixon 1916,p. 18,No reason for the anger is given in the source and none is supplied in the retelling
C-693,29,Samoa and Tonga,"From the worms or maggots developed from the rotting vines, man was later made",PRIMARY SOURCE,MEDIUM,Dixon 1916,p. 18,
C-694,29,Samoa and Tonga,"In the Tongan account four dwelt in the heavens: Tama-pouli-alamafoa the King of Heaven, Tangaloa-eiki the Celestial Chief, Tangaloa-tufuga the Celestial Artisan and Tangaloa-atu-logologo the Celestial Messenger",PRIMARY SOURCE,MEDIUM,Dixon 1916,pp. 18-19,
C-695,29,Samoa and Tonga,"The messenger descended on a bird, flew about a long time and found only a sandbank on which the waves broke, reporting no dry land",PRIMARY SOURCE,MEDIUM,Dixon 1916,p. 19,
C-696,29,Samoa and Tonga,"He was told to wait seven days and look again, and found the land already risen above the waters",PRIMARY SOURCE,MEDIUM,Dixon 1916,p. 19,
C-697,29,Samoa and Tonga,"He complained there was no place below where he could rest and was told to ask the divine artificer to cast down chips and shavings from his work, whereupon the island of Eua arose",PRIMARY SOURCE,MEDIUM,Dixon 1916,p. 19,
C-698,29,Samoa and Tonga,"He reported a great land with no plant or tree in it, and the divine chief gave him a seed which grew into a great vine spreading over all the land",PRIMARY SOURCE,MEDIUM,Dixon 1916,p. 19,
C-699,29,Samoa and Tonga,"Dixon identifies the type's constants as a pre-existing world of gods above, a universal sea below, something cast down from which the world is made, and a bird as messenger or offspring of the sky-deity",SECONDARY SCHOLARSHIP,HIGH,Dixon 1916,pp. 19-20,
C-700,29,Samoa and Tonga,"Tangaloa, Tangaroa, Ta'aroa and Kanaloa are the same name across Polynesia, holding different ranks in different island groups — supreme and pre-existent in the Society Islands, a sky-dwelling sender of messengers in Samoa and Tonga, and a god of the sea among several in New Zealand",SECONDARY SCHOLARSHIP,HIGH,Dixon 1916; standard Polynesian scholarship,pp. 10-11,
C-701,29,Samoa and Tonga,"Tufunga is the Tongan term for a master craftsman, the builder of canoes, houses and stone monuments",SECONDARY SCHOLARSHIP,HIGH,standard Polynesian scholarship,—,
C-702,29,Samoa and Tonga,"The London Missionary Society reached Tonga in 1797 and Samoa in 1830, and both groups were substantially Christianised before these traditions were printed",SECONDARY SCHOLARSHIP,HIGH,standard history,—,
C-703,29,Samoa and Tonga,This is the only multiple-attempt account in the book in which nothing is destroyed and the world is revised rather than restarted,EDITORIAL INTERPRETATION,—,—,—,MARKED IN TEXT — the story's comparative reading
C-704,29,Samoa and Tonga,This is the only creator in the book who discovers what the world needs by sending someone to look and listening to the report,EDITORIAL INTERPRETATION,—,—,—,MARKED IN TEXT
C-705,29,Samoa and Tonga,"Samoan humanity comes from maggots in a solution the god reversed in anger, which differs from Pangu's insects in being produced by the reversal rather than merely present",EDITORIAL INTERPRETATION,—,—,—,MARKED IN TEXT
C-706,30,Norse · Iceland,"The sun darkens, earth sinks in ocean, the bright stars fall from heaven, fire's breath assails the all-nourishing tree and towering fire plays against heaven itself",PRIMARY SOURCE,HIGH,"Thorpe, Vǫluspá 56",st. 56,
C-707,30,Norse · Iceland,"She sees earth arise a second time from ocean, beauteously green, with waterfalls descending and the eagle flying over which captures fish in the fell",PRIMARY SOURCE,HIGH,"Thorpe, Vǫluspá 57",st. 57,
C-708,30,Norse · Iceland,"The Æsir meet on Ida's plain, speak of the mighty earth-encircler, and call to memory their deeds and the supreme god's ancient lore",PRIMARY SOURCE,HIGH,"Thorpe, Vǫluspá 58",st. 58,
C-709,30,Norse · Iceland,The wondrous golden tables which the ruler of the gods possessed in days of old shall again be found in the grass,PRIMARY SOURCE,HIGH,"Thorpe, Vǫluspá 59",st. 59,
C-710,30,Norse · Iceland,"At the beginning of the same poem the Æsir played at tables on Ida's plain, joyous, wanting for no gold",PRIMARY SOURCE,HIGH,"Thorpe, Vǫluspá 7-8",st. 7-8,
C-711,30,Norse · Iceland,"Unsown fields shall bring forth, all evil be amended, and Baldr shall come, with Höðr and Baldr inhabiting Hropt's glorious dwellings",PRIMARY SOURCE,HIGH,"Thorpe, Vǫluspá 60",st. 60,
C-712,30,Norse · Iceland,"The seeress's refrain is 'Understand ye yet, or what?'",PRIMARY SOURCE,HIGH,"Thorpe, Vǫluspá 60-61 and passim",st. 60-61,
C-713,30,Norse · Iceland,Hœnir shall choose his lot and the two brothers' sons inhabit the spacious Vindheim,PRIMARY SOURCE,HIGH,"Thorpe, Vǫluspá 61",st. 61,
C-714,30,Norse · Iceland,"She sees a hall brighter than the sun, decked with gold, at Gimlé, where righteous people shall dwell and enjoy happiness for evermore",PRIMARY SOURCE,HIGH,"Thorpe, Vǫluspá 62",st. 62,
C-715,30,Norse · Iceland,"Then comes the mighty one from above to the great judgment, who pronounces dooms, allays strifes and establishes a holy peace that shall ever be",PRIMARY SOURCE,HIGH,"Thorpe, Vǫluspá 64",st. 64,
C-716,30,Norse · Iceland,"The final stanza has the dark dragon Níðhǫggr fly from Niðafjöll over the plain bearing a corpse on his wings, after which the seeress descends",PRIMARY SOURCE,HIGH,"Thorpe, Vǫluspá 65",st. 65,
C-717,30,Norse · Iceland,Thorpe's numbering goes from stanza 62 to stanza 64,PRIMARY SOURCE,HIGH,the file used,st. 62-64,FLAGGED — the cause cannot be determined from the file and nothing has been supplied
C-718,30,Norse · Iceland,"The Vǫluspá is spoken by a vǫlva raised by Óðinn and is the first poem in the Codex Regius, written in Iceland around 1270",SECONDARY SCHOLARSHIP,HIGH,standard Old Norse scholarship,—,
C-719,30,Norse · Iceland,"The closing stanzas' resemblance to Christian eschatology has been argued since the poem entered scholarship, with positions ranging from Christian interpolation to coincidence to composition at the meeting of the two",SECONDARY SCHOLARSHIP,HIGH,standard Old Norse scholarship,—,FLAGGED — three positions set out in the source note and none adopted
C-720,30,Norse · Iceland,Some editors move or discount the final stanza on the grounds that a renewal ought not to end with a corpse-eating dragon; Thorpe prints it last,SECONDARY SCHOLARSHIP,HIGH,standard Old Norse scholarship; the file used,st. 65,
C-721,30,Norse · Iceland,"The Codex Regius was lost for four centuries, rediscovered in 1643 by an Icelandic bishop, sent to the Danish king, held in Copenhagen and returned to Iceland in 1971",SECONDARY SCHOLARSHIP,HIGH,standard history,—,
C-722,30,Norse · Iceland,The Vǫluspá has been enlisted since the nineteenth century by nationalist and later by extremist movements,SECONDARY SCHOLARSHIP,HIGH,standard history of reception,—,"Stated briefly, with the observation that the poem's content resists the use"
C-723,30,Norse · Iceland,This is the only account in the book that describes the world after this one in detail,EDITORIAL INTERPRETATION,—,—,—,MARKED IN TEXT — the book's final comparative reading
C-724,30,Norse · Iceland,Hesiod places the unsown field at the beginning of time and loses it; the Vǫluspá places it at the end and waits for it,EDITORIAL INTERPRETATION,—,—,—,MARKED IN TEXT
C-725,30,Norse · Iceland,Nothing else in the book allows an object to survive from one world into the next,EDITORIAL INTERPRETATION,—,—,—,MARKED IN TEXT
C-726,30,Norse · Iceland,"The poem gives the renewal in full and then, without comment, ends on a corpse",EDITORIAL INTERPRETATION,—,—,—,MARKED IN TEXT
